player_id,player_name,player_short_name,player_birthdate,minutes,minutes_tip,minutes_otip,performance_count,performance_included_count,performance_failed_count,offballrun_count_total,offballrun_count,offballrun_count_shotwithin10s,offballrun_count_goalwithin10s,offballrun_count_targeted,offballrun_count_received,offballrun_avgdistance,offballrun_count_abovehsr,offballrun_count_penaltyarea,offballrun_count_dangerous,offballrun_count_dangerous_targeted,offballrun_count_dangerous_received
22356,Vilde Bøe Risa,V. Bøe Risa,1995-07-13,86.69,24.51,20.42,13,12,1,186.0,15.5,0.67,0.0,5.17,4.5,11.89,1.58,1.0,3.75,1.0,0.92
22358,Caroline Graham Graham Hansen,C. Graham Hansen,1995-02-18,82.88,33.13,13.27,11,11,0,300.0,27.27,1.73,0.36,10.82,6.55,11.2,5.91,9.27,13.73,4.82,2.09
22370,Emilie Nautnes,E. Nautnes,1999-01-13,84.39,24.19,19.89,13,12,1,296.0,24.67,0.83,0.17,9.0,3.75,13.36,5.08,6.42,14.33,5.08,1.25
22430,Sara Däbritz,S. Däbritz,1995-02-15,87.84,28.14,19.87,14,14,0,386.0,27.57,0.21,0.0,7.57,4.79,12.26,4.21,4.29,11.36,3.36,1.57
22438,Merle Frohms,M. Frohms,1995-01-28,101.44,29.32,25.3,6,6,0,0.0,0.0,0.0,0.0,0.0,0.0,,0.0,0.0,0.0,0.0,0.0
22441,María Dolores Gallardo Nuñez,Lola Gallardo,1993-06-10,103.55,29.45,24.6,18,16,2,1.0,0.06,0.0,0.0,0.0,0.0,4.72,0.0,0.0,0.0,0.0,0.0
22444,Irene  Paredes Hernandez,Irene Paredes,1991-07-04,93.22,37.32,15.07,14,14,0,142.0,10.14,0.14,0.0,4.0,3.71,13.37,0.79,0.36,0.43,0.29,0.07
22448,Marta Torrejón Moya,Marta Torrejon,1990-02-27,99.15,39.03,15.58,12,12,0,131.0,10.92,0.08,0.0,2.92,2.67,10.18,0.5,0.83,1.67,0.33,0.17
22451,Alexia Putellas Segura,Alexia Putellas,1994-02-04,95.91,38.28,15.17,10,10,0,355.0,35.5,1.8,0.3,13.0,9.5,10.95,2.8,8.0,16.4,6.3,3.8
22452,Patricia Guijarro Gutiérrez,Patri Guijarro,1998-05-17,92.58,37.44,13.43,6,6,0,79.0,13.17,0.33,0.0,6.0,5.5,8.88,0.5,0.83,2.0,1.0,0.83
22456,María Pilar León Cebrián,María León,1995-06-13,86.41,33.43,13.53,5,5,0,65.0,13.0,0.8,0.2,5.6,5.0,10.81,1.0,0.2,0.8,0.4,0.2
22458,Aitana Bonmati Conca,Aitana Bonmati,1998-01-18,96.08,38.44,13.7,6,6,0,190.0,31.67,2.83,0.67,11.17,8.83,12.21,6.0,5.33,12.0,4.5,3.17
22553,Monica Hickmann Alves,Mônica,1987-04-21,93.43,25.9,22.72,17,16,1,100.0,6.25,0.06,0.0,2.06,2.0,9.9,0.12,0.19,0.25,0.12,0.06
22633,Caroline Weir,C. Weir,1995-06-20,85.44,25.72,19.55,10,10,0,278.0,27.8,0.8,0.1,9.2,5.5,12.37,2.3,5.1,12.9,4.6,1.8
22657,Estefanía Romina Banini Ruiz,E. Banini,1990-06-21,83.68,23.01,17.56,15,15,0,324.0,21.6,0.87,0.07,7.0,5.53,12.7,2.53,2.53,5.07,1.4,0.93
22691,Chika Hirao,C. Hirao,1996-12-31,99.92,32.04,19.63,6,3,3,0.0,0.0,0.0,0.0,0.0,0.0,,0.0,0.0,0.0,0.0,0.0
42753,Ingrid Filippa Angeldahl,F. Angeldahl,1997-07-14,83.44,25.79,19.38,15,15,0,253.0,16.87,0.4,0.07,5.4,4.47,11.93,1.73,1.6,3.0,0.8,0.47
52569,Francisca Ramos Ribeiro Nazareth Sousa,Kika Nazareth,2002-11-17,91.15,39.2,13.02,7,7,0,261.0,37.29,1.29,0.29,13.43,9.57,10.68,3.29,9.14,17.86,7.14,3.57
52573,Dolores Isabel Jacome Silva,Dolores Silva,1991-08-07,95.1,19.9,27.73,16,14,2,235.0,16.79,0.14,0.0,3.93,2.14,13.48,2.14,1.29,3.93,0.79,0.14
52576,Inês Teixeira Pereira,Inês Pereira,1999-05-26,102.68,25.74,26.18,20,15,5,5.0,0.33,0.0,0.0,0.2,0.2,5.0,0.0,0.0,0.0,0.0,0.0
52591,Andreia de Jesus Jacinto,Andreia Jacinto,2002-06-08,94.82,28.13,23.74,17,14,3,331.0,23.64,0.29,0.0,7.0,5.79,11.44,2.36,1.07,4.21,1.07,0.71
59377,Hanna Ulrika Bennison,H. Bennison,2002-10-16,86.0,30.69,15.77,6,6,0,180.0,30.0,0.67,0.0,7.67,5.5,12.46,4.0,2.83,7.67,1.83,0.83
62393,Giovana Queiroz Costa,Gio Garbelini,2003-06-21,88.52,27.8,17.04,4,4,0,102.0,25.5,1.75,0.0,10.25,7.0,14.24,7.5,4.0,10.5,4.0,2.0
62477,Ana Vitoria Angelica Kliemaschewsk de Araujo,Ana Vitória,2000-03-06,89.65,29.51,16.73,4,3,1,54.0,18.0,0.0,0.0,5.33,4.0,13.74,3.33,2.33,7.0,0.67,0.33
62524,Loreta Kullashi,L. Kullashi,1999-05-20,99.02,25.23,24.68,5,5,0,147.0,29.4,0.4,0.0,8.0,5.4,14.2,2.6,8.2,14.8,2.6,1.2
62532,Catalina Alasia Ongaro,C. Ongaro,2003-03-26,83.0,18.91,25.74,4,4,0,77.0,19.25,0.25,0.0,6.0,5.0,12.39,1.5,1.25,5.75,1.5,0.75
62575,Daniela Caracas González,D. Caracas,1997-04-25,98.42,21.86,29.43,14,12,2,144.0,12.0,0.25,0.08,3.33,2.67,13.69,2.33,0.67,1.5,0.33,0.17
62605,Signe Kallesøe Bruun,S. Bruun,1998-04-06,65.87,17.83,16.32,4,4,0,76.0,19.0,0.75,0.25,6.0,3.25,11.08,1.75,7.25,13.75,3.75,1.5
62703,Hildur Antonsdóttir,H. Antonsdóttir,1995-09-18,95.41,27.18,21.72,19,17,2,150.0,8.82,0.24,0.06,3.0,2.59,10.06,0.65,0.47,1.06,0.35,0.12
62890,Bárbara Latorre Vinals,Bárbara Latorre,1993-03-14,70.7,16.48,22.62,9,7,2,88.0,12.57,0.14,0.0,5.57,3.14,13.88,4.0,1.14,4.29,1.86,1.43
62892,María López Valenzuela,Maria Valenzuela,2002-11-26,103.97,28.08,24.72,9,9,0,0.0,0.0,0.0,0.0,0.0,0.0,,0.0,0.0,0.0,0.0,0.0
62893,Eva María Navarro García,Eva Navarro,2001-01-27,88.35,25.94,22.13,11,11,0,174.0,15.82,0.45,0.0,6.0,5.09,13.52,2.64,1.45,2.82,0.64,0.64
62895,Ainhoa Vicente Moraza,Ainhoa Moraza,1995-08-20,100.34,30.47,24.1,22,18,4,176.0,9.78,0.22,0.0,4.06,3.56,13.13,2.33,0.33,1.39,0.56,0.17
62896,Catalina Coll,Cata Coll,2001-04-23,101.33,38.95,16.27,14,14,0,1.0,0.07,0.0,0.0,0.07,0.07,6.81,0.0,0.0,0.0,0.0,0.0
62898,María de Alharilla Casado Morente,Alharilla Casado,1990-11-13,96.98,19.73,29.74,19,14,5,129.0,9.21,0.21,0.0,3.43,2.43,11.91,2.0,0.93,2.21,0.36,0.29
63538,Antonia Ronnycleide da Costa Silva,Antônia Silva,1994-04-26,76.42,20.96,17.71,2,2,0,36.0,18.0,1.5,0.0,5.0,4.5,14.49,2.5,1.0,2.5,2.0,2.0
63571,Daiana Micaela Falfán,D. Falfán,2000-10-14,98.53,19.9,29.99,17,17,0,157.0,9.24,0.12,0.0,2.47,1.88,10.6,0.24,0.71,2.12,0.47,0.18
63602,Annelie Leitner,A. Leitner,1996-06-15,96.18,19.19,29.09,18,17,1,485.0,28.53,0.41,0.0,8.35,5.35,16.94,9.59,3.24,7.71,2.06,1.12
63688,Linda Lizeth Caicedo Alegria,L. Caicedo,2005-02-22,81.85,23.55,20.39,9,9,0,211.0,23.44,0.67,0.0,9.78,5.89,12.91,6.78,3.33,9.67,3.33,1.56
63731,Klára Cahynová,K. Cahynová,1993-12-20,100.82,29.76,24.74,19,15,4,224.0,14.93,0.4,0.13,4.33,3.13,10.15,0.73,0.8,2.0,0.73,0.33
63755,Sofie Junge Pedersen,S. Junge Pedersen,1992-04-24,100.15,24.81,22.88,3,3,0,38.0,12.67,0.0,0.0,3.0,2.0,7.66,0.0,0.33,1.67,0.67,0.33
63763,Sara Rosted Holmgaard,S. Holmgaard,1999-01-28,94.5,30.96,20.13,14,14,0,436.0,31.14,0.5,0.07,10.93,9.64,13.9,7.14,1.93,4.71,1.43,1.29
63789,Sandie Toletti,S. Toletti,1995-07-13,86.31,26.33,21.15,10,10,0,161.0,16.1,0.1,0.0,5.5,5.4,11.05,1.0,0.9,3.2,1.2,1.1
63824,Andrea Abigail Alvarez Donis,A. Alvarez,2003-01-13,77.66,16.32,20.68,12,11,1,159.0,14.45,1.27,0.18,6.0,2.82,12.85,2.91,3.0,6.36,2.82,1.0
63933,Synne Sofie Kinden Jensen,S. Jensen,1996-02-15,86.58,26.57,19.65,14,13,1,334.0,25.69,0.92,0.38,8.62,4.08,12.72,6.92,6.08,17.08,5.38,2.15
63943,Aldrith Ivana Quintero Humphries,Aldrith Quintero,2002-01-01,104.88,19.0,29.96,10,9,1,13.0,1.44,0.11,0.0,0.89,0.89,7.63,0.11,0.0,0.11,0.11,0.11
63993,Ewa  Pajor,E. Pajor,1996-12-03,85.84,34.01,14.12,12,12,0,502.0,41.83,1.75,0.58,13.0,6.25,11.85,8.0,16.42,30.67,9.75,4.42
64092,María Isabel Rodríguez Rivero ,Misa,1999-07-22,102.1,32.98,20.93,17,17,0,1.0,0.06,0.0,0.0,0.0,0.0,2.65,0.0,0.0,0.0,0.0,0.0
64094,Ona Batlle Pascual,Ona Batlle,1999-06-10,82.21,33.38,13.64,12,12,0,365.0,30.42,1.17,0.17,9.67,8.25,13.03,6.25,2.5,6.33,2.33,1.42
64095,Laia Aleixandri López,Laia Aleixandri,2000-08-25,91.02,36.02,14.04,8,8,0,119.0,14.88,0.12,0.0,4.0,3.88,10.57,0.75,0.88,1.5,0.0,0.0
64097,Rosa Márquez Baena,Rosa Márquez,2000-12-22,100.43,23.03,26.35,23,22,1,373.0,16.95,0.5,0.05,5.82,4.27,12.14,2.09,1.59,5.27,1.68,1.05
64098,Anna Torroda Ricart,Anna Torrodà,2000-01-21,97.39,22.12,26.68,22,16,6,108.0,6.75,0.0,0.0,1.25,0.88,10.1,0.06,0.19,0.62,0.0,0.0
64099,Nerea Eizaguirre Lasa,Nerea Eizagirre,2000-01-04,89.61,30.74,18.76,7,5,2,81.0,16.2,0.6,0.0,5.4,3.8,13.2,1.8,3.6,6.8,2.2,1.2
64100,Claudia Pina Medina,Claudia Pina,2001-08-12,77.75,31.72,12.44,14,14,0,356.0,25.43,1.43,0.21,9.07,6.93,11.75,3.36,6.0,11.64,3.93,2.36
64102,Amaiur Sarriegi Isasa,Amaiur Sarriegi,2000-12-13,83.92,25.69,17.18,14,12,2,373.0,31.08,0.92,0.08,10.67,6.0,12.5,6.17,9.17,17.33,5.5,2.67
64103,Alba María Redondo Ferrer,Alba Redondo,1996-08-27,81.19,28.58,17.08,11,11,0,316.0,28.73,1.09,0.18,8.91,3.91,12.21,5.36,10.36,19.36,5.82,2.0
64105,Athenea del Castillo Belvide,Athenea del Castillo,2000-10-24,89.51,29.69,19.38,13,13,0,268.0,20.62,0.85,0.08,8.54,5.69,13.24,5.31,3.77,8.62,2.92,1.92
67689,Gemma Font Oliveras,Gemma Font,1999-10-23,100.38,42.63,14.77,8,8,0,3.0,0.38,0.0,0.0,0.25,0.25,6.55,0.0,0.0,0.0,0.0,0.0
67695,María José Pérez González,María José Pérez,1984-03-19,99.32,14.89,32.57,6,6,0,101.0,16.83,1.0,0.0,8.33,4.83,15.2,3.33,3.67,10.5,4.5,2.0
67697,Aleksandra Zaremba Kupiec,A. Zaremba,2001-02-19,98.91,22.7,26.2,22,21,1,490.0,23.33,0.81,0.24,9.67,6.9,15.07,7.67,1.81,3.9,1.1,0.71
67699,Natalia Ramos Álvarez,Natalia Ramos,1999-02-10,101.73,23.68,26.48,23,22,1,305.0,13.86,0.45,0.09,4.77,4.09,10.72,0.77,0.41,2.41,0.86,0.68
67700,Patricia Gavira Collado,Patri Gavira,1989-04-26,103.79,23.64,27.52,22,21,1,94.0,4.48,0.19,0.1,2.0,2.0,11.27,0.19,0.0,0.14,0.0,0.0
67702,Koko Ange Mariette Christelle N'Guessan,A. N'Guessan,1990-11-18,83.77,24.45,17.8,4,4,0,100.0,25.0,0.75,0.0,9.75,5.75,15.08,7.75,6.25,13.0,3.75,1.25
67705,Paola Hernández Díaz,Paola Hernández,2002-07-25,80.97,19.05,19.78,15,15,0,189.0,12.6,0.53,0.07,4.0,3.47,12.85,1.4,1.07,2.53,0.4,0.33
68132,Cecilia Marcos Nabal,Cecilia Marcos,2001-11-03,72.83,20.52,19.62,6,3,3,34.0,11.33,0.33,0.0,4.33,2.0,16.66,4.67,1.0,5.67,2.33,0.67
68133,Emma Ramírez Gorgoso,Emma Ramírez,2002-05-10,70.64,20.19,20.13,9,7,2,110.0,15.71,0.71,0.14,6.14,3.86,14.23,4.29,3.14,5.29,2.43,1.43
68135,Gemma Gili Giner,Gemma Gili,1994-05-21,88.98,29.34,12.34,1,1,0,30.0,30.0,2.0,0.0,10.0,8.0,9.87,1.0,3.0,14.0,2.0,1.0
68136,Iris Arnaiz Gil,Iris Arnaiz,1994-05-18,90.66,19.73,24.41,19,18,1,84.0,4.67,0.11,0.0,1.33,1.06,10.51,0.33,0.06,0.44,0.17,0.06
68138,Maddi Torre Larrañaga,Maddi Torre,1996-03-30,101.12,27.79,23.17,7,5,2,24.0,4.8,0.0,0.0,1.4,1.4,13.58,0.2,0.0,0.0,0.0,0.0
68140,Gabriela Antonia García Segura,Gaby García,1997-04-02,99.83,28.58,23.53,10,9,1,137.0,15.22,0.44,0.22,4.56,3.56,14.96,1.89,1.56,4.67,1.56,0.89
68142,Olatz Santana Amado,Olatz Santana,1997-05-08,101.69,24.74,26.76,3,3,0,0.0,0.0,0.0,0.0,0.0,0.0,,0.0,0.0,0.0,0.0,0.0
68146,Mirari Uria Gabilondo,Mirari Uria,2003-01-01,78.4,26.42,19.28,3,3,0,62.0,20.67,0.33,0.33,6.33,2.33,11.18,2.67,2.67,8.33,2.33,0.67
68151,Berta Pujadas Boix,Berta Pujadas,2000-04-09,102.12,24.02,26.1,8,8,0,39.0,4.88,0.0,0.0,1.88,1.62,7.75,0.38,0.0,0.25,0.12,0.0
68154,Esther Martín-Pozuelo Aranda,Esther Martín-Pozuelo,1998-10-08,94.21,21.11,24.08,17,17,0,157.0,9.24,0.18,0.0,2.65,2.29,12.18,0.88,0.41,1.29,0.35,0.24
68162,Lice Fabiana Chamorro Gómez,L. Chamorro,1998-12-22,97.42,25.26,21.93,18,18,0,441.0,24.5,1.0,0.17,9.61,5.06,13.96,6.67,4.89,12.72,4.56,2.06
68163,Nerea Nevado Gómez,Nerea Nevado,2001-04-27,99.56,28.69,22.91,17,14,3,222.0,15.86,0.43,0.0,6.79,5.29,14.07,3.29,1.64,4.43,1.21,0.71
68167,Gema Soliveres Cholbi,Gema Soliveres,2000-11-03,77.93,16.38,20.93,6,3,3,9.0,3.0,0.0,0.0,0.67,0.67,10.01,0.0,0.33,0.0,0.0,0.0
68169,Sonia García Majarín,Sonia Majarín,2002-12-06,101.46,26.17,22.94,21,21,0,112.0,5.33,0.24,0.05,2.0,1.71,10.43,0.48,0.19,0.62,0.1,0.05
68175,Vera Martínez Viota,Vera Martínez,1999-09-13,104.16,24.82,26.71,16,13,3,175.0,13.46,0.15,0.0,3.69,2.54,13.28,2.0,1.31,3.46,0.92,0.38
68176,Garazi Fácila Giralte,Garazi Facila,1999-10-25,101.23,18.91,32.82,20,17,3,229.0,13.47,0.29,0.0,4.71,3.35,16.34,4.12,1.0,3.53,1.12,0.47
68177,Miku Ito Kojima,M. Kojima,1999-11-06,93.71,22.52,27.18,7,5,2,54.0,10.8,0.0,0.0,2.8,2.4,9.78,0.2,0.0,1.0,0.0,0.0
68178,Naima García Aguilar,Naima Garcia,1998-06-24,78.43,18.57,22.99,8,6,2,97.0,16.17,0.33,0.0,5.17,3.67,12.35,2.0,1.33,4.67,1.33,1.0
68183,Ana González,Ana Gonzalez,1995-03-26,84.28,23.22,18.15,16,16,0,132.0,8.25,0.0,0.0,2.06,1.56,10.11,0.19,0.44,1.12,0.25,0.06
68185,Angela Sosa Martín,Ángela Sosa,1993-01-16,93.15,27.08,20.72,20,18,2,516.0,28.67,0.56,0.06,7.61,6.17,13.32,4.33,1.89,5.39,0.89,0.33
68189,Paula Perea ,Paula Perea,1996-06-19,83.47,16.8,25.12,6,4,2,62.0,15.5,0.25,0.0,4.5,3.25,15.79,5.5,1.0,4.0,0.5,0.25
68193,Andrea Medina Martin,Andrea Medina,2004-05-11,98.07,28.04,22.62,18,17,1,351.0,20.65,0.88,0.12,8.12,6.88,14.1,4.82,1.94,4.53,1.12,0.71
68197,Silvia Lloris Nicolás,Silvia Lloris,2004-05-15,104.34,29.88,23.83,14,13,1,114.0,8.77,0.08,0.0,2.62,2.31,10.77,0.62,0.85,1.23,0.31,0.15
68200,Leire Baños Indakoetxea,Leire Baños,1996-11-29,78.82,21.31,22.12,10,9,1,69.0,7.67,0.22,0.0,3.11,2.78,9.16,0.11,0.11,0.44,0.11,0.11
68201,María Méndez Fernández,María Méndez,2001-04-10,102.19,30.46,24.24,13,13,0,94.0,7.23,0.0,0.0,2.54,2.54,10.49,0.31,0.38,0.62,0.0,0.0
68202,Núria Mendoza Miralles,Núria Mendoza,1995-12-15,99.86,28.33,23.06,21,19,2,115.0,6.05,0.11,0.05,2.47,2.37,11.43,0.68,0.16,0.58,0.11,0.05
68208,Lucía María Rodríguez Herrero,Lucía Rodríguez,1999-05-24,96.79,29.19,24.15,20,16,4,210.0,13.12,0.5,0.0,4.75,3.75,11.52,1.75,1.06,1.88,0.5,0.25
68210,Rocío Gálvez Luna,Rocio Galvez,1997-04-15,101.14,33.4,21.06,12,12,0,74.0,6.17,0.0,0.0,2.42,2.33,10.63,0.17,0.0,0.08,0.0,0.0
68215,Lorena Navarro Domínguez,Lorena Navarro,2000-11-11,84.62,23.15,20.33,11,11,0,146.0,13.27,0.09,0.09,4.09,3.18,9.41,0.18,1.0,2.36,0.45,0.18
68245,Paula Arana Montes,Paula Arana,2001-11-08,78.37,18.13,21.11,12,8,4,190.0,23.75,0.5,0.0,7.0,3.62,11.47,2.0,3.25,9.12,2.75,0.88
68246,Irene Oguiza Martínez,Irene Oguiza,2000-01-05,65.46,23.03,13.31,4,3,1,37.0,12.33,0.0,0.0,3.33,3.33,9.46,0.33,0.0,0.0,0.0,0.0
68249,Ane Azkona,Ane Azkona,1998-07-15,84.22,22.13,21.68,14,11,3,241.0,21.91,0.45,0.09,7.09,2.73,12.99,4.45,5.91,12.09,3.36,1.18
68261,Adriana Nanclares Romero,Adriana Nanclares,2002-05-09,102.06,27.82,24.88,19,16,3,1.0,0.06,0.0,0.0,0.0,0.0,6.49,0.0,0.0,0.0,0.0,0.0
68262,Ane Etxezarreta Ayerbe,Ane Etxezarreta,1995-08-24,99.57,18.9,32.14,10,8,2,18.0,2.25,0.12,0.0,0.5,0.5,9.41,0.0,0.12,0.25,0.25,0.25
68398,Lauren Eduarda Leal Costa,Lauren Leal,2002-09-13,98.63,27.9,22.09,13,12,1,123.0,10.25,0.0,0.0,4.08,3.75,10.3,0.25,0.58,0.67,0.25,0.0
68399,Yasmim Assis Ribeiro,Yasmim,1996-10-28,83.03,22.77,21.05,6,6,0,118.0,19.67,0.33,0.0,5.33,5.0,16.08,3.5,1.67,3.33,1.0,0.83
68451,Alices Yannel Correa Santa Cruz,Yannel Correa,1996-09-10,88.75,13.71,28.96,8,7,1,13.0,1.86,0.0,0.0,0.57,0.57,12.22,0.0,0.14,0.14,0.0,0.0
68457,Ximena Daiana Velazco Nuñez,X. Velazco,1995-07-31,82.75,15.77,29.4,5,5,0,18.0,3.6,0.0,0.0,1.2,0.6,9.62,0.0,0.2,0.6,0.2,0.0
68468,Esperanza Pizarro Pagalday,E. Pizarro,2001-04-15,93.85,24.36,21.79,12,10,2,200.0,20.0,1.1,0.2,7.0,5.5,12.08,2.1,2.8,8.3,3.0,2.1
69887,Chantal Hagel,C. Hagel,1998-07-20,86.34,22.77,21.8,5,5,0,110.0,22.0,0.8,0.2,6.6,4.2,12.42,1.4,2.6,9.8,2.4,1.4
69987,Sarah Jankovska,S. Jankovska,1999-08-13,80.87,18.26,20.96,4,4,0,17.0,4.25,0.0,0.0,1.25,1.25,12.09,0.0,0.0,0.75,0.0,0.0
69993,Claudia Florentino Vivó,Claudia Florentino,1998-03-10,97.12,27.57,25.71,14,10,4,36.0,3.6,0.0,0.0,1.1,1.1,9.89,0.1,0.0,0.0,0.0,0.0
70069,Natasa Andonova,N. Andonova,1993-12-04,78.36,24.9,15.26,8,8,0,112.0,14.0,0.5,0.0,3.25,2.25,12.77,1.12,1.38,4.38,0.75,0.38
70071,Ainhoa Estévez Bascuñán,Ainhoa Bascuñán,2004-02-23,89.5,17.89,28.17,9,7,2,66.0,9.43,0.14,0.0,2.14,1.43,12.26,0.57,0.14,3.0,0.43,0.29
70124,Estefanía  Lima Díaz,Estefa,1989-05-11,83.36,11.24,28.21,5,5,0,14.0,2.8,0.0,0.0,0.6,0.4,15.01,0.2,0.4,1.2,0.2,0.0
70126,Belen Martínez Sousa,Belen,1988-11-24,94.33,15.51,28.43,17,15,2,319.0,21.27,1.07,0.2,10.07,6.6,15.11,8.13,1.73,6.27,2.47,1.27
70128,Ainoa Campo Franco,Ainoa Campo,1996-06-17,99.37,22.59,27.68,21,16,5,283.0,17.69,0.31,0.0,6.44,4.31,11.09,1.69,4.0,5.94,2.25,1.06
70130,Elena de Toro Aldaria,Elena de Toro,1997-01-31,103.8,18.71,29.96,11,10,1,0.0,0.0,0.0,0.0,0.0,0.0,,0.0,0.0,0.0,0.0,0.0
70143,Raquel Pinel Sáez,Raquel Pinel,1994-08-30,97.29,17.27,26.37,7,4,3,70.0,17.5,0.0,0.0,4.0,2.5,10.14,1.0,1.25,2.75,0.5,0.0
70144,Sheila Guijarro Gómez,Sheila Guijarro,1996-09-26,66.36,17.47,14.06,2,1,1,20.0,20.0,0.0,0.0,9.0,3.0,10.52,3.0,3.0,12.0,5.0,2.0
70147,Arene Altonaga Echeverria,Arene Altonaga,1993-02-25,87.91,16.89,27.73,17,14,3,133.0,9.5,0.21,0.07,2.21,1.57,11.58,0.93,1.14,3.36,0.64,0.5
70148,Arola Aparicio Gili,Arola Aparicio,1997-09-24,87.02,31.65,17.98,7,6,1,168.0,28.0,2.0,0.17,11.67,10.0,13.09,6.83,5.33,8.67,3.33,2.5
70149,Elba Vergés Prats,Elba Vergés,1995-10-24,102.01,22.83,27.78,21,20,1,91.0,4.55,0.0,0.0,1.2,0.9,10.61,0.15,0.1,0.15,0.05,0.0
70151,María Llompart Pons,María Llompart,2000-10-19,92.54,24.54,20.81,16,16,0,376.0,23.5,0.62,0.06,9.81,7.5,12.49,4.06,1.25,4.75,1.81,1.0
70161,Ane Campos Andueza,Ane Campos,1999-05-21,72.46,21.99,18.19,6,5,1,86.0,17.2,0.2,0.0,5.2,1.6,12.18,3.0,4.8,11.8,3.6,0.4
70162,Miriam Rodriguez González,Kuki,1994-11-18,88.36,8.38,34.27,3,2,1,15.0,7.5,0.0,0.0,2.0,1.0,9.56,1.0,2.0,2.5,0.5,0.0
75104,Paulina Gramaglia,P. Gramaglia,2003-03-21,76.88,19.7,21.21,7,6,1,121.0,20.17,0.5,0.0,5.83,1.83,15.33,4.83,6.0,14.33,3.5,0.67
95618,Carmen Menayo Montero,Carmen Menayo,1998-04-14,87.59,25.57,20.99,6,5,1,37.0,7.4,0.2,0.0,2.4,2.4,11.14,0.2,0.4,0.8,0.4,0.4
95619,Carmen Álvarez ,Carmen Alvarez,2003-02-24,83.37,15.72,27.47,14,13,1,191.0,14.69,0.69,0.08,6.15,2.77,12.76,3.54,2.69,7.77,2.92,0.92
95620,Claudia Iglesias de la Cruz,Claudia Iglesias,2003-08-30,72.78,21.55,14.13,1,1,0,24.0,24.0,1.0,0.0,5.0,2.0,13.86,1.0,5.0,15.0,2.0,1.0
95622,Sheila García Gómez,Sheila Garcia,1997-03-15,94.82,32.28,17.34,9,9,0,234.0,26.0,0.67,0.22,7.0,5.67,13.11,4.22,0.89,4.33,1.67,1.22
95624,Ana Franco de la Vega,Ana Franco,1999-06-06,90.14,19.04,26.35,16,12,4,295.0,24.58,0.75,0.17,8.58,5.0,13.24,3.83,3.75,9.83,2.67,0.83
95628,Noelia Ramos Álvarez,Noelia Ramos,1999-02-10,103.21,22.13,29.45,11,10,1,3.0,0.3,0.0,0.0,0.2,0.2,9.41,0.0,0.0,0.0,0.0,0.0
95632,María Inmaculada Gabarro Romero,Inma Gabarro,2002-11-05,89.91,21.05,24.11,13,12,1,264.0,22.0,0.67,0.0,8.67,4.17,13.16,4.17,5.92,12.42,4.25,1.33
95634,Teresa Merida Cañete,Teresa Merida,2002-07-17,100.6,19.78,31.1,20,16,4,32.0,2.0,0.0,0.0,0.44,0.44,12.3,0.25,0.19,0.31,0.0,0.0
143905,Esmee Brugts,E. Brugts,2003-07-28,85.86,34.81,14.1,14,14,0,325.0,23.21,0.79,0.07,7.57,6.0,11.65,2.14,4.64,7.86,2.36,1.57
147842,Paula Partido Duran,Paula Partido,2005-03-02,85.41,18.97,24.69,5,5,0,114.0,22.8,1.0,0.2,9.8,6.4,12.67,3.4,3.4,9.0,3.4,1.6
147843,Meritxell Muñoz,Meritxell Muñoz,2003-06-18,103.97,28.56,21.27,3,2,1,1.0,0.5,0.0,0.0,0.5,0.5,6.85,0.0,0.0,0.0,0.0,0.0
147844,Ona Baradad Rius,Ona Baradad,2004-04-16,84.15,19.43,23.44,21,15,6,253.0,16.87,0.73,0.2,7.6,4.4,11.51,2.33,1.8,5.6,2.4,1.07
151716,Ariana Arias Jiménez,Ariana Arias,2003-05-25,74.17,13.83,23.62,7,4,3,64.0,16.0,0.25,0.0,4.5,2.25,12.74,2.0,3.75,10.25,1.5,0.25
151728,Esther Laborde Cabanillas,Esther Laborde,2004-04-20,80.89,23.82,19.31,10,10,0,111.0,11.1,0.3,0.0,3.8,3.1,11.47,0.8,0.2,2.6,0.3,0.3
157687,Claire Lavogez,C. Lavogez,1994-06-18,76.28,27.86,16.44,11,8,3,184.0,23.0,0.62,0.12,7.25,4.38,11.36,3.38,6.75,10.88,3.5,1.12
167402,Salma Paralluelo Ayingono,Salma Paralluelo,2003-11-13,81.68,33.55,13.37,9,9,0,271.0,30.11,1.56,0.22,11.11,6.22,12.18,6.89,9.56,17.22,6.78,2.89
167449,Naomie Feller,N. Feller,2001-11-06,78.6,23.17,19.08,6,6,0,153.0,25.5,1.0,0.17,10.5,6.83,12.66,6.83,4.5,12.17,3.83,2.17
167512,Allegra Poljak,A. Poljak,1999-02-05,93.89,26.66,20.78,19,17,2,338.0,19.88,1.06,0.06,7.29,5.53,14.89,5.59,2.12,6.41,2.0,1.18
169963,Phoenetia Browne,P. Browne,1994-04-22,79.46,18.18,21.57,12,11,1,193.0,17.55,0.55,0.18,6.18,3.0,11.3,3.36,4.36,10.82,3.09,1.09
185157,Alice Marques,A. Marques,2005-05-04,98.68,22.61,25.23,8,8,0,42.0,5.25,0.0,0.0,1.38,1.12,14.61,0.38,0.62,1.5,0.5,0.25
185176,Sara Ortega Ruiz,Sara Ortega,2005-02-20,96.55,25.81,24.35,20,17,3,529.0,31.12,0.47,0.12,10.53,7.06,13.27,6.29,3.47,9.35,2.41,1.12
185177,Marina Artero Moreno,Marina Artero,2005-10-14,93.12,24.42,21.9,5,3,2,7.0,2.33,0.0,0.0,1.0,1.0,6.43,0.0,0.33,0.33,0.0,0.0
185179,Marina Rivas Jaén,Marina Rivas,2005-07-02,85.43,22.16,22.0,8,7,1,73.0,10.43,0.14,0.0,2.43,1.43,9.63,0.29,0.57,1.14,0.14,0.14
185181,Sandra Villafañe Serrada,Sandra Villafañe,2005-09-18,102.36,29.31,22.78,22,20,2,144.0,7.2,0.0,0.0,2.4,2.3,11.98,0.55,0.2,0.3,0.1,0.05
185182,Victoria López Serrano Felix,Vicky López,2006-07-26,88.51,35.74,13.84,13,13,0,409.0,31.46,1.46,0.31,10.0,7.23,11.53,4.31,10.77,16.54,5.23,3.08
185183,Adriana Ranera Casanovas,Adriana Ranera,2005-07-07,101.03,44.27,16.89,2,2,0,16.0,8.0,0.0,0.0,1.0,1.0,11.34,1.0,0.0,0.0,0.0,0.0
185184,Eunate Astralaga Aranguren,Eunate Astralaga,2005-11-30,102.26,19.45,31.99,20,18,2,0.0,0.0,0.0,0.0,0.0,0.0,,0.0,0.0,0.0,0.0,0.0
185185,Jone Amezaga Martinez,Jone Amezaga,2005-01-02,88.22,26.05,19.27,5,4,1,108.0,27.0,0.25,0.0,11.0,6.25,12.56,6.75,5.75,10.0,3.25,0.75
185190,Olaya Enrique Rodriguez,Olaya Rodriguez,2005-05-10,96.8,24.99,24.17,19,14,5,321.0,22.93,0.71,0.21,6.57,4.64,11.92,2.14,1.29,5.64,1.57,0.79
185191,Yolanda Sierra ,Yolanda Sierra,2005-01-17,99.4,21.32,32.0,7,5,2,21.0,4.2,0.2,0.0,1.6,1.6,10.64,0.4,0.2,0.2,0.2,0.2
185192,Lotte Jasmijn Keukelaar,L. Keukelaar,2005-09-25,78.65,25.82,16.19,3,3,0,72.0,24.0,1.67,0.33,9.67,7.33,13.84,3.33,4.0,8.33,2.0,1.67
185243,Julia Bartel Holgado,Julia Bartel,2004-05-18,85.86,25.95,20.11,14,12,2,184.0,15.33,0.25,0.0,4.5,4.17,10.83,0.92,0.83,2.42,0.17,0.08
185244,Maite Zubieta Aranbarri,Maite Zubieta,2004-05-28,92.72,24.73,23.57,16,13,3,135.0,10.38,0.38,0.08,3.69,3.08,11.17,0.62,0.23,1.92,0.46,0.46
185246,Amaia Martínez De la Peña,Amaia Martinez,2004-06-29,101.8,23.87,26.43,8,5,3,30.0,6.0,0.0,0.0,1.8,1.6,11.85,1.0,0.4,0.8,0.4,0.2
185247,Ariadna Mingueza García,Ari Mingueza,2003-03-22,90.25,24.62,21.26,17,10,7,88.0,8.8,0.4,0.0,3.1,2.8,10.4,0.6,0.3,1.7,0.5,0.4
185248,Clara Pinedo Castresana,Clara Pinedo,2003-09-09,81.91,23.08,19.66,11,10,1,226.0,22.6,0.8,0.1,8.2,5.5,11.3,2.6,2.5,6.5,2.3,1.4
185250,Ane Elexpuru Añorga,Ane Elexpuru,2003-05-02,98.68,26.61,24.51,20,18,2,290.0,16.11,0.39,0.0,6.0,4.61,13.23,3.61,0.78,1.61,0.44,0.17
185251,Lucía Moral Ruiz,Lucía Moral,2004-02-11,82.33,19.7,20.3,6,6,0,167.0,27.83,0.83,0.33,8.67,4.5,13.82,3.5,6.5,11.67,3.67,1.33
188219,Fiamma Benítez Iannuzzi,Fiamma Iannuzzi,2004-06-19,92.14,26.55,21.06,19,18,1,473.0,26.28,0.94,0.11,9.06,7.0,12.73,3.06,3.83,8.83,2.61,1.5
188656,Luany Vitória da Silva Rosa,Luany,2003-02-03,92.85,27.19,20.31,16,15,1,403.0,26.87,1.07,0.27,10.27,7.67,14.35,7.2,5.27,12.07,4.13,2.67
191946,Chinyere Mercy Kalu,C. Kalu,2005-10-23,69.56,15.99,19.2,1,1,0,2.0,2.0,0.0,0.0,1.0,1.0,9.96,0.0,0.0,0.0,0.0,0.0
407291,Sakina Ouzraoui Diki,S. Ouzraoui Diki,2001-08-29,82.31,19.12,21.47,18,17,1,353.0,20.76,1.06,0.18,9.41,5.76,14.39,4.94,4.65,10.18,3.71,1.71
661012,Malou Marcetto Rylov,M. Marcetto,2003-04-16,93.66,27.51,19.99,16,15,1,406.0,27.07,0.73,0.2,6.2,4.13,15.19,4.53,5.73,10.53,2.4,1.07
662317,Maëlle Lakrar,M. Lakrar,2000-05-27,98.64,27.82,23.65,9,9,0,59.0,6.56,0.0,0.0,2.22,2.22,9.69,0.11,0.0,0.0,0.0,0.0
662319,Romane Salvador,R. Salvador,1998-05-09,101.94,21.81,29.91,20,15,5,4.0,0.27,0.0,0.0,0.07,0.07,5.12,0.0,0.0,0.0,0.0,0.0
667230,Flavine Mawete Musolo,F. Mawete,2000-12-11,93.93,20.28,25.1,10,9,1,205.0,22.78,0.44,0.0,9.11,5.0,13.74,5.67,3.78,10.67,3.33,1.33
667252,Kamilla Melgård,K. Melgård,2005-12-16,96.95,28.48,21.43,22,20,2,621.0,31.05,1.1,0.3,11.3,7.0,13.26,6.8,3.95,8.75,2.8,1.4
751442,Bella Andersson,B. Andersson,2006-07-12,101.12,33.92,19.84,12,12,0,53.0,4.42,0.0,0.0,1.33,1.25,9.11,0.08,0.25,0.33,0.08,0.08
798964,Paula Comendador Prado,Paula Comendador,2007-01-12,78.32,28.7,13.29,4,4,0,71.0,17.75,1.5,0.25,5.75,4.75,10.58,1.25,2.25,4.75,1.25,1.0
798965,María Luisa García Antolín,Marisa Garcia,2006-06-22,87.9,23.96,22.11,8,7,1,121.0,17.29,1.0,0.14,6.86,3.71,11.12,3.29,3.43,9.57,3.14,1.71
807401,Rebeca Costa da Silva,Rebeca,2005-09-01,101.0,22.05,30.18,15,14,1,70.0,5.0,0.0,0.0,1.64,1.5,12.24,0.07,0.21,0.29,0.07,0.0
807467,Elsa Maria Gomez Alvarado,E. Gomez,2006-03-19,95.12,16.05,28.95,3,3,0,17.0,5.67,0.0,0.0,1.33,1.33,14.18,0.67,0.0,0.33,0.0,0.0
807470,Alba Cerrato Izquierdo,Alba Cerrato,2007-01-01,90.05,20.57,30.61,3,3,0,58.0,19.33,0.67,0.33,6.33,3.33,12.46,3.67,2.0,7.0,2.0,0.67
807472,Elena Vázquez Brandon,Elena Vázquez,2007-10-08,93.38,25.32,21.38,7,5,2,30.0,6.0,0.0,0.0,2.0,2.0,13.47,0.4,0.0,0.4,0.0,0.0
807482,Silvia Cristóbal Fernández,S. Cristobal,2008-05-01,96.81,30.95,19.92,3,3,0,49.0,16.33,0.0,0.0,5.0,3.33,10.98,1.0,0.0,0.33,0.33,0.0
807484,Emma Moreno Torres,E. Moreno,2007-05-02,79.68,14.39,27.65,12,11,1,150.0,13.64,0.09,0.09,4.36,2.18,14.07,2.45,0.64,4.09,1.27,0.55
807487,Aiara Aguirrezabala Azkue,A. Aguirrezabala,2008-10-02,93.98,30.57,21.89,16,14,2,297.0,21.21,0.79,0.07,9.14,7.14,14.51,6.43,2.57,5.79,2.07,1.43
807489,Clara Serrajordi Diaz,C. Serrajordi,2007-12-07,78.55,33.52,12.93,11,11,0,188.0,17.09,0.27,0.0,5.55,5.0,10.26,0.45,1.09,2.55,0.73,0.64
811253,Mia Asenjo,M. Asenjo,2003-03-07,88.6,17.18,26.92,11,11,0,244.0,22.18,0.36,0.0,7.91,4.55,14.33,5.27,4.18,9.64,2.82,1.45
811780,Érika González Lombídez,Érika Gonzalez,2004-08-31,99.41,20.17,28.81,16,14,2,298.0,21.29,0.79,0.14,8.36,5.36,13.41,3.79,1.64,6.07,1.93,0.93
811807,Alazne Estensoro Macicior,Alazne Estensoro,2006-06-05,100.77,30.7,24.17,6,3,3,1.0,0.33,0.0,0.0,0.33,0.33,3.51,0.0,0.0,0.0,0.0,0.0
812657,Mariana Díaz Leal Arrillaga,M. Díaz Leal,1990-05-29,68.7,11.48,21.3,5,4,1,39.0,9.75,0.75,0.0,4.5,1.25,14.31,2.25,3.25,7.0,3.75,1.0
814051,Sydney Joy Schertenleib,S. Schertenleib,2007-01-30,83.87,34.44,13.63,16,16,0,478.0,29.88,0.75,0.12,7.69,5.75,11.89,4.62,4.69,9.25,2.31,1.25
815302,Comfort Yeboah,C. Yeboah,2006-12-17,88.52,17.4,28.93,3,3,0,32.0,10.67,0.0,0.0,4.33,3.0,14.4,3.67,1.0,2.33,0.33,0.0
816310,Eden Le Guilly,E. Le Guilly,2005-11-25,91.77,16.88,29.2,10,9,1,71.0,7.89,0.0,0.0,1.67,1.22,12.42,1.22,0.22,0.78,0.22,0.11
818377,Linnéa Solvoll Laupstad,L. Laupstad,2003-07-10,,,,1,0,1,,,,,,,,,,,,
833011,Milagros Iara Martín,M. Martín,2007-04-26,91.19,19.37,27.88,8,7,1,53.0,7.57,0.43,0.14,3.57,3.0,15.81,2.14,0.43,0.71,0.43,0.29
836442,Barbara López Gorrado,Barbara López,2005-08-30,67.26,22.67,15.1,1,1,0,30.0,30.0,1.0,1.0,12.0,6.0,13.68,8.0,4.0,13.0,6.0,1.0
836443,Daniela  Agote Aguirre,Daniela Agote,2006-08-27,96.74,26.96,22.08,15,12,3,309.0,25.75,0.5,0.0,8.75,5.75,12.62,4.08,3.5,9.5,2.83,1.42
836445,Aicha Camara,Aicha Camara,2006-12-11,90.98,38.29,13.2,10,10,0,302.0,30.2,0.7,0.2,8.7,8.0,12.94,3.7,3.2,5.1,1.3,1.0
836448,IntzaIntza Eguiguren Beraza,Intza Eguiguren,2005-12-29,79.24,26.26,18.27,14,11,3,314.0,28.55,0.82,0.09,9.73,6.36,13.55,5.73,6.73,12.18,2.91,1.27
836449,Paula Rubio Peñalver,Paula Rubio,2005-08-28,75.44,10.56,27.85,2,2,0,13.0,6.5,0.0,0.0,1.5,0.5,7.4,0.5,0.5,3.0,0.5,0.0
839825,Bibiane Schulze-Solano,Bibiane Schulze,1998-11-12,98.39,26.76,24.27,10,9,1,56.0,6.22,0.0,0.0,2.33,2.11,12.37,0.67,0.0,0.0,0.0,0.0
907615,Dona Scannapieco,D. Scannapieco,2004-06-06,69.0,16.26,18.12,2,2,0,43.0,21.5,0.0,0.0,6.5,4.0,14.16,2.5,7.0,16.5,4.0,2.0
907727,Andrea Tarazona Brisa,Andrea Tarazona,2004-03-21,103.88,21.42,28.4,7,5,2,1.0,0.2,0.0,0.0,0.2,0.2,4.19,0.0,0.0,0.0,0.0,0.0
907729,Nahia Aparicio Jaular,Nahia Aparicio,2004-01-07,100.51,31.84,23.34,14,11,3,64.0,5.82,0.0,0.0,2.09,1.91,11.7,0.36,0.0,0.0,0.0,0.0
921512,Carlota  Suárez,Carlota Suárez,1997-07-19,78.73,18.66,19.78,9,9,0,205.0,22.78,0.67,0.0,8.44,3.44,14.91,5.33,6.89,14.78,5.11,1.44
928954,Soledad María Gudelia Belotto Alé,S. Belotto,2003-08-14,104.92,14.37,35.05,11,9,2,0.0,0.0,0.0,0.0,0.0,0.0,,0.0,0.0,0.0,0.0,0.0
948640,Celya Barclais,C. Barclais,2001-04-17,98.08,26.3,22.07,10,10,0,166.0,16.6,0.2,0.0,4.5,3.3,11.63,1.4,0.4,3.2,0.6,0.3
953262,María Miralles,Maria Miralles,1997-05-28,103.1,20.36,31.14,17,16,1,1.0,0.06,0.0,0.0,0.06,0.06,3.49,0.0,0.0,0.0,0.0,0.0
953263,Eider Arana,Eider Arana,2002-04-11,102.48,26.9,25.95,9,9,0,43.0,4.78,0.0,0.0,1.22,1.22,12.32,0.11,0.0,0.0,0.0,0.0
953264,Carla Andrés,Carla Andres,2002-12-12,100.71,18.9,32.44,20,17,3,75.0,4.41,0.06,0.0,1.24,1.12,11.61,0.12,0.12,0.06,0.0,0.0
953265,Estefanía Simona Botero Granda,E. Botero,1995-03-14,102.72,21.42,30.63,12,10,2,39.0,3.9,0.0,0.0,0.8,0.7,9.27,0.2,0.0,0.1,0.0,0.0
953268,Carolina Marín de la Fuente,Carol Marín,1996-11-27,90.01,17.51,28.27,19,16,3,196.0,12.25,0.44,0.06,3.31,2.19,11.61,0.88,0.69,3.62,0.75,0.25
953269,Ángeles  del Álamo Sánchez,Ángeles del Álamo,1998-06-23,69.34,15.59,19.73,5,3,2,56.0,18.67,0.33,0.0,6.0,2.0,12.76,3.67,2.67,10.0,3.33,1.33
953270,Laia Balleste Sciora,Laia Balleste,1999-02-22,93.79,20.53,26.82,11,7,4,13.0,1.86,0.0,0.0,0.71,0.71,10.49,0.14,0.0,0.0,0.0,0.0
953271,Mar Torrás de Fortuny,Mar Torrás,1996-04-06,92.69,20.15,25.65,6,5,1,73.0,14.6,0.0,0.0,3.8,1.4,14.49,1.6,3.4,7.0,1.8,0.4
953272,Júlia Guerra Peiró,Júlia Guerra,2002-01-23,99.05,23.4,26.23,10,9,1,38.0,4.22,0.11,0.0,1.33,1.11,9.61,0.11,0.11,0.33,0.11,0.0
953273,Iara Lacosta Sánchez,Iara Lacosta,2001-11-08,82.66,15.12,28.13,6,6,0,111.0,18.5,0.33,0.17,6.17,2.83,15.58,4.5,1.83,7.83,2.17,0.83
953274,Lucia Vallejo Blazquez,Lucia Vallejo,2003-07-10,96.86,21.11,27.72,22,16,6,185.0,11.56,0.25,0.0,4.12,3.56,13.5,1.81,0.56,1.88,0.69,0.38
953275,Judit Pablos Garrido,Judit Pablos,1997-12-07,65.53,17.67,19.51,1,1,0,15.0,15.0,0.0,0.0,4.0,2.0,15.04,4.0,4.0,7.0,1.0,1.0
953279,María Gabaldón Romero,María Gabaldón,2004-12-02,99.23,20.2,29.51,15,11,4,142.0,12.91,0.27,0.0,4.09,3.18,13.91,2.18,0.27,2.09,0.73,0.55
953280,Esther Sullastres Ayuso,Esther Sullastres,1993-03-20,103.32,22.67,27.76,22,21,1,4.0,0.19,0.0,0.0,0.1,0.1,5.43,0.0,0.0,0.0,0.0,0.0
953282,Débora  García Mateo,Débora García,1989-10-17,91.87,19.69,24.5,18,17,1,127.0,7.47,0.18,0.06,2.88,2.41,15.24,1.47,0.12,0.53,0.24,0.18
953284,Alicia Redondo González,Alicia Redondo,2001-11-02,83.12,18.55,22.64,18,17,1,195.0,11.47,0.12,0.0,2.35,1.88,10.76,0.35,0.24,1.18,0.24,0.12
953285,Eva Llamas Hernández,Eva Llamas,1992-05-29,101.98,23.11,27.21,17,16,1,81.0,5.06,0.0,0.0,1.0,0.94,9.37,0.25,0.06,0.25,0.0,0.0
953286,Fatoumata Kanteh Cham,Fatou Kanteh,1997-07-02,85.59,19.14,22.77,16,16,0,330.0,20.62,1.06,0.31,10.38,6.31,14.49,6.5,2.31,7.44,3.12,1.44
953288,Raquel Morcillo Aparicio,Raquel Morcillo,1999-04-08,96.35,21.85,24.69,18,17,1,262.0,15.41,0.76,0.12,5.76,3.94,12.14,2.0,2.47,5.65,1.65,0.94
953289,Alba Lopez Pérez,Alba Lopez,2004-11-11,94.8,27.85,19.55,3,3,0,21.0,7.0,0.0,0.0,3.33,3.33,13.38,1.0,0.33,0.33,0.33,0.33
953290,Millaray Scarleth Cortés Espinoza,Millaray Cortés,2004-06-30,82.74,18.4,21.3,9,9,0,93.0,10.33,0.22,0.0,3.11,2.44,10.35,0.22,0.56,2.22,0.33,0.22
953291,Lucia Pardo Méndez,Lucía Pardo,2000-01-05,72.94,27.47,14.85,10,7,3,235.0,33.57,1.43,0.29,9.86,6.71,12.43,4.43,8.86,13.43,4.14,2.57
953292,Violeta García Quiles,Violeta Quiles,1999-12-10,89.29,21.41,25.42,5,5,0,99.0,19.8,0.8,0.4,9.0,7.6,15.73,4.8,1.6,5.8,2.2,1.8
953294,Julia Arrula Llorente,Julia Arrula,2006-01-29,102.11,30.87,24.54,17,15,2,26.0,1.73,0.0,0.0,0.8,0.73,6.38,0.0,0.0,0.0,0.0,0.0
953295,Eva Alonso González,Eva Alonso,2002-07-23,103.0,21.06,30.21,21,17,4,81.0,4.76,0.0,0.0,1.53,1.29,12.26,0.35,0.29,1.12,0.47,0.29
953296,María  Molina Molero,María Molina,2000-05-09,95.29,24.52,24.58,6,5,1,26.0,5.2,0.0,0.0,1.2,1.0,10.95,0.0,0.2,0.4,0.2,0.0
953299,Raiderlin Nazareth Carrasco Vargas,R. Carrasco,2002-06-11,93.75,18.89,28.28,17,14,3,236.0,16.86,0.5,0.07,7.79,4.86,14.75,3.57,1.71,5.79,2.29,1.29
953305,Blanca Muñoz,Blanca Muñoz,2005-04-01,89.31,22.18,21.27,9,6,3,125.0,20.83,0.17,0.0,7.33,6.17,14.56,5.83,1.17,3.5,1.5,0.83
953310,Paola Ulloa,Paola Ulloa,1996-12-26,101.55,29.73,22.09,19,17,2,3.0,0.18,0.0,0.0,0.06,0.06,6.63,0.0,0.0,0.0,0.0,0.0
953311,Belén de Gracia Ruiz,Belén de Gracia,2004-04-12,105.27,26.65,26.05,4,4,0,1.0,0.25,0.0,0.0,0.25,0.25,7.4,0.0,0.0,0.0,0.0,0.0
953313,Yerliane Glamar Moreno Hernández,Y. Moreno,2000-10-13,85.38,22.58,21.61,7,6,1,64.0,10.67,0.0,0.0,3.0,2.0,13.95,0.5,0.83,2.67,1.0,0.17
953314,Cinta Del Mar Rodriguez Costa,Cinta Rodríguez,1999-11-07,99.21,22.06,26.62,12,11,1,32.0,2.91,0.0,0.0,1.18,1.0,10.03,0.09,0.0,0.18,0.09,0.09
953315,Sandra  Castelló Oliver,Sandra Castelló,1993-08-07,100.55,23.45,29.42,8,7,1,120.0,17.14,0.43,0.0,4.43,2.71,10.57,0.14,1.57,4.57,1.14,0.57
953316,Claudia  Roldán Blanco,Claudia Blanco,1997-03-11,99.22,23.87,28.21,12,11,1,187.0,17.0,0.45,0.36,4.64,3.45,13.66,2.0,0.55,1.82,0.18,0.0
953319,María Echezarreta Fernández,María Echezarreta,2001-07-19,103.66,37.62,14.35,1,1,0,0.0,0.0,0.0,0.0,0.0,0.0,,0.0,0.0,0.0,0.0,0.0
953320,Laura Camino,Laura Camino,2002-04-01,102.42,19.61,31.49,19,17,2,175.0,10.29,0.35,0.06,3.65,2.53,12.33,1.53,1.41,2.71,1.0,0.53
953323,Ana Marcos Moral,Anita Marcos,2000-07-09,79.65,24.03,16.98,6,6,0,107.0,17.83,0.33,0.17,6.0,1.83,15.06,3.83,6.83,14.67,5.0,1.0
953324,Antonia Ignacia Canales Pacheco,A. Canales,2002-10-16,103.41,24.59,24.18,12,12,0,0.0,0.0,0.0,0.0,0.0,0.0,,0.0,0.0,0.0,0.0,0.0
953329,Nuria Garrote Camúñez,Nuria Garrote,1997-06-10,86.23,21.58,20.04,9,9,0,94.0,10.44,0.0,0.0,3.89,3.44,11.83,0.56,0.56,1.67,0.11,0.11
953332,Cristina Baudet Lucena,Cristina Baudet,1991-07-08,85.83,18.42,26.67,6,4,2,64.0,16.0,0.5,0.0,5.75,3.75,9.93,1.5,1.25,4.5,1.75,0.75
953334,Macarena Portales Nieto,Macarena Portales,1998-08-02,79.53,21.02,22.32,4,4,0,79.0,19.75,0.25,0.0,5.0,2.75,15.12,4.0,2.25,6.0,1.0,0.75
953335,Cristina Cubedo Pitarch,Cristina Cubedo,1999-10-21,98.81,24.78,23.34,17,17,0,60.0,3.53,0.0,0.0,0.88,0.76,12.18,0.06,0.0,0.12,0.0,0.0
953336,Elena Julve Pérez,Elena Julve,2000-12-08,95.57,24.08,22.57,18,18,0,276.0,15.33,0.5,0.0,5.83,4.0,12.75,2.89,1.72,4.78,1.39,0.67
953337,Itziar Pinillos  Moreno,Itziar Pinillos,2000-09-21,101.08,26.16,23.57,22,22,0,369.0,16.77,0.64,0.14,5.73,4.68,13.26,2.82,1.09,2.73,0.82,0.59
953338,Laura Coronado,Laura Coronado,2003-04-06,103.05,20.79,30.88,15,12,3,1.0,0.08,0.0,0.0,0.0,0.0,5.59,0.0,0.0,0.0,0.0,0.0
953340,Paula Sánchez Tendero,Paula Sánchez,2000-12-25,82.82,21.9,19.32,9,9,0,236.0,26.22,0.33,0.0,7.33,4.78,14.24,4.0,3.56,9.33,2.33,1.0
953342,Laura Martínez González,Laura Martínez,1999-01-29,90.39,19.68,26.19,10,7,3,142.0,20.29,0.29,0.0,6.29,4.71,12.58,2.0,1.86,6.71,1.57,1.0
953343,Irina Priscilla Uribe García,Irina Uribe,1998-07-29,95.84,28.06,19.66,11,11,0,261.0,23.73,0.82,0.36,8.82,5.0,12.12,5.0,4.64,11.73,4.27,2.0
953344,Nerea Carmona Balsera,Nerea Carmona,2007-01-19,101.78,25.73,26.63,5,5,0,32.0,6.4,0.0,0.0,2.0,2.0,9.38,0.0,0.2,0.2,0.0,0.0
953345,Samara Ortiz Cruz,S. Ortiz,1997-07-16,100.24,25.1,26.01,16,11,5,188.0,17.09,0.18,0.09,5.36,3.91,11.8,1.18,0.82,2.91,0.82,0.27
953346,Raquel García Yagüe,Raquel García,1997-04-22,97.8,24.56,24.83,18,14,4,86.0,6.14,0.07,0.0,2.21,1.71,9.66,0.14,0.36,1.07,0.36,0.07
953347,Paula Gutierrez,Paola Gutierrez,2001-03-02,93.09,23.91,23.3,20,16,4,234.0,14.62,0.56,0.12,5.0,3.75,11.92,1.62,1.25,4.19,1.25,0.88
953352,Lucía Martínez González,Lucía Martínez,2001-11-27,90.06,22.62,22.5,15,11,4,112.0,10.18,0.0,0.0,3.18,2.82,10.49,0.45,0.18,0.55,0.09,0.09
953353,Lucía Rivas Moure,Lucia Rivas,2007-08-23,78.52,20.53,17.19,5,4,1,67.0,16.75,0.5,0.0,6.5,3.5,14.17,4.25,2.25,6.0,1.5,0.75
953354,Yohana  Goméz ,Yohana Goméz,1994-01-20,106.57,28.56,24.62,3,3,0,1.0,0.33,0.0,0.0,0.0,0.0,7.24,0.0,0.0,0.0,0.0,0.0
953355,Paula  Novo,Paula Novo,2005-04-14,96.56,25.66,24.86,10,10,0,96.0,9.6,0.0,0.0,2.3,2.1,10.94,0.6,0.2,1.2,0.1,0.1
953356,Paula  Monteagudo,Paula Monteagudo,2002-05-09,99.11,26.78,22.18,6,4,2,83.0,20.75,0.5,0.0,6.5,4.25,12.85,2.5,1.75,4.75,0.75,0.5
953357,Henar Muiña,Henar Muiña,1999-10-20,79.52,21.26,16.56,5,4,1,29.0,7.25,0.0,0.0,2.25,2.0,7.29,0.0,0.0,0.0,0.0,0.0
953358,Millene Cabral Vieira,Millene Cabral,1997-11-29,86.24,21.59,22.43,5,4,1,79.0,19.75,2.0,0.5,8.0,4.25,14.18,5.75,3.75,12.25,3.75,2.5
953359,Ainhoa  Marín,Ainhoa Marín,2001-03-21,100.78,25.75,25.22,21,17,4,423.0,24.88,1.18,0.12,11.71,7.59,13.29,6.35,2.53,7.35,3.0,1.41
953362,Paula Fernández Jiménez,Paula Fernández,1999-07-01,94.49,28.16,23.25,21,16,5,169.0,10.56,0.06,0.0,3.44,3.19,8.72,0.0,0.06,0.44,0.12,0.12
953364,Naia Landaluze Marquínez,Naia Landaluze,2000-09-25,100.87,26.63,24.43,16,14,2,46.0,3.29,0.0,0.0,1.36,1.29,11.64,0.14,0.36,0.43,0.14,0.07
953365,Patricia  Ojeda,Patri Ojeda,1991-03-08,96.32,17.88,29.7,11,9,2,60.0,6.67,0.11,0.0,2.56,2.11,11.59,0.67,0.0,0.0,0.0,0.0
953367,Maite Valero Elía,Maite Valero,2003-10-05,89.69,22.47,23.98,15,13,2,223.0,17.15,0.38,0.08,5.23,3.77,11.24,1.38,1.85,4.0,0.85,0.38
953370,Barbara Crisbelis Martinez Flores,B. Martinez Flores,2003-04-22,102.83,27.71,25.77,2,2,0,12.0,6.0,0.0,0.0,2.0,2.0,7.06,0.0,0.0,0.0,0.0,0.0
953607,Alba Ruiz Soto,Alba Ruiz,2001-11-11,83.43,23.84,20.26,10,10,0,191.0,19.1,0.5,0.0,6.8,5.7,12.2,3.5,1.4,3.2,0.7,0.4
953608,Mireia  Masegur torrent,Mireia Masegur,2002-08-19,96.61,17.88,30.82,18,15,3,43.0,2.87,0.07,0.0,0.53,0.4,10.86,0.13,0.13,0.2,0.13,0.07
953699,Maitane Vilariño Mendinueta,Maitane Vilariño,2002-06-30,64.14,16.91,18.73,2,2,0,34.0,17.0,0.0,0.0,4.5,3.0,15.35,3.0,1.0,2.5,1.0,0.5
953700,Leles de los Ángeles Carrión Egido,Leles Carrión,1997-02-22,93.13,22.21,23.87,9,7,2,52.0,7.43,0.0,0.0,2.0,1.71,8.84,0.14,0.0,0.71,0.43,0.14
953701,Alba Pérez Manrique,Alba Perez,2000-06-18,99.38,24.84,26.4,19,12,7,70.0,5.83,0.08,0.0,1.75,1.42,12.15,0.33,0.33,1.08,0.25,0.0
953703,Cristina Postigo Martín,Cristina Postigo,1998-04-27,91.94,23.0,25.8,14,9,5,111.0,12.33,0.33,0.0,4.22,3.11,13.99,1.33,0.44,2.22,1.0,0.56
953705,Alexia Fernández Díaz,Alexia Fernández,2002-05-28,96.12,25.98,24.91,12,11,1,240.0,21.82,0.45,0.0,8.27,7.18,14.61,7.0,1.0,2.27,0.27,0.27
953707,Laura Maria Pérez Martin,Laura Pérez,1998-06-15,91.37,22.93,24.02,20,13,7,356.0,27.38,1.77,0.46,12.62,8.46,13.89,6.54,1.85,7.69,3.38,2.31
953708,Laura Requena Sánchez,Lauri Requena,1990-05-25,99.3,24.33,26.38,20,13,7,374.0,28.77,0.77,0.08,10.92,8.08,13.63,4.62,2.38,7.23,2.38,1.08
953710,Laura Sánchez Comuñas,Laura Sánchez,2006-05-15,103.02,23.15,29.37,14,10,4,2.0,0.2,0.0,0.0,0.1,0.1,4.24,0.0,0.0,0.0,0.0,0.0
953711,Amaia Iribarren,Amaia Iribarren,2003-06-06,81.02,14.63,28.42,12,11,1,119.0,10.82,0.36,0.0,4.0,1.91,12.59,1.55,1.91,5.09,1.73,0.82
953712,Jujuba Cardozo,Jujuba Cardozo,1991-09-06,101.61,24.99,26.75,18,12,6,39.0,3.25,0.08,0.0,1.58,1.5,13.01,0.17,0.0,0.17,0.17,0.08
953713,Clara  Rodríguez,Clara Rodríguez,2003-02-12,102.15,30.28,25.16,3,1,2,20.0,20.0,0.0,0.0,4.0,3.0,12.84,3.0,4.0,8.0,1.0,1.0
953714,Isa  Álvarez,Isabel Álvarez,1999-06-12,103.39,23.12,28.0,19,18,1,104.0,5.78,0.0,0.0,1.89,1.67,11.15,0.11,0.11,0.22,0.0,0.0
953715,Andrea  Gómez,Andrea Gomez,2003-05-14,87.89,20.57,24.14,10,8,2,240.0,30.0,1.12,0.38,8.0,5.38,13.05,6.0,3.62,12.62,3.0,1.5
953716,Edna Imade,E. Imade,2000-10-05,102.74,27.06,27.14,9,6,3,146.0,24.33,0.83,0.33,8.33,2.83,13.49,4.83,8.5,17.83,5.5,1.5
953745,Merle Barth,M. Barth,1994-04-21,100.72,25.77,25.33,18,13,5,60.0,4.62,0.08,0.0,1.46,1.46,10.93,0.38,0.08,0.08,0.0,0.0
953746,Rosa Otermin Abella,Rosa Otermin,2000-10-02,73.13,19.88,21.69,4,4,0,58.0,14.5,0.25,0.0,4.75,4.0,13.14,2.25,1.25,4.25,0.75,0.5
953747,Patricia Larqué Juste,Patricia Larqué,1992-05-02,106.45,33.06,16.81,3,3,0,0.0,0.0,0.0,0.0,0.0,0.0,,0.0,0.0,0.0,0.0,0.0
953748,Xenia Perez Almiñana,Xenia Perez,2001-10-28,103.66,29.57,23.82,11,10,1,89.0,8.9,0.3,0.0,2.4,2.4,10.51,0.2,0.3,0.5,0.2,0.2
953783,Ines Rizo,I. Rizo,2004-11-12,67.17,18.17,12.87,1,1,0,18.0,18.0,0.0,0.0,3.0,3.0,12.28,1.0,4.0,7.0,0.0,0.0
954047,Fatou Dembele,F. Dembele,2000-11-30,95.35,22.58,24.26,12,12,0,48.0,4.0,0.0,0.0,1.17,1.08,12.02,0.33,0.0,0.08,0.0,0.0
958272,Zoe Matthews,Z. Matthews,2007-05-25,87.32,13.3,27.32,5,5,0,17.0,3.4,0.0,0.0,0.8,0.6,13.0,0.6,0.4,1.4,0.2,0.0
969835,Carla Juliá Martínez,Carla Juliá,2006-12-14,87.19,35.83,12.55,7,7,0,171.0,24.43,1.14,0.43,8.57,7.29,11.72,3.29,3.57,7.14,2.43,1.86
978182,Sonya Camila  Keefe Navarro,Sonya Keefe,2003-04-11,89.11,21.96,23.91,18,12,6,278.0,23.17,1.33,0.42,8.08,4.58,13.49,4.75,5.08,13.75,4.75,2.33
980853,Manoly Baquerizo Córdova,M. Baquerizo,1998-12-15,100.92,24.46,26.93,16,12,4,173.0,14.42,0.5,0.08,5.33,3.75,13.93,2.83,1.33,4.75,1.42,0.83
980936,Nayluisa Jhaylenny Cáceres Acevedo,N. Cáceres,1999-11-18,104.37,25.48,25.31,12,12,0,6.0,0.5,0.0,0.0,0.33,0.33,8.41,0.0,0.0,0.0,0.0,0.0
981680,Encarnación Jiménez Navarro,Encarni Jiménez,2001-08-30,89.85,14.83,30.25,15,12,3,83.0,6.92,0.17,0.17,2.0,1.25,11.93,0.58,0.42,1.25,0.42,0.08
981803,Sara Martín Díaz,Sara Martín,2004-10-06,92.79,17.65,29.64,16,15,1,263.0,17.53,0.67,0.0,7.27,4.53,12.13,2.93,1.33,6.8,2.4,1.2
985736,Celia Gómez García Quijada,Celia Gómez,2008-09-29,105.95,37.03,18.28,1,1,0,18.0,18.0,0.0,0.0,6.0,4.0,11.47,3.0,5.0,11.0,3.0,1.0
985737,Anna Álvarez Llopis,Anna Llopis,2008-01-17,105.16,16.34,41.22,1,1,0,0.0,0.0,0.0,0.0,0.0,0.0,,0.0,0.0,0.0,0.0,0.0
985742,Julia Torres Echevarría,Julia Torres,2009-01-15,67.77,16.86,22.75,2,2,0,22.0,11.0,0.0,0.0,5.0,4.5,11.74,2.5,0.0,1.0,0.5,0.0
985789,Irune Dorado Alosete,I. Dorado,2008-03-22,96.01,32.57,17.12,7,7,0,57.0,8.14,0.0,0.0,2.14,2.14,10.17,0.14,0.43,1.0,0.29,0.29
985791,Elene Gurtubay,E. Gurtubay,2007-10-03,74.46,19.34,18.9,3,3,0,62.0,20.67,0.33,0.0,7.0,4.33,12.82,2.33,0.67,6.0,1.67,1.0
985977,Sintia Vanesa Cabezas Vanegas,S. Cabezas Vanegas,2006-05-01,82.73,16.75,29.01,4,3,1,43.0,14.33,0.33,0.0,7.33,5.33,11.92,2.33,0.0,2.67,1.0,0.67
989387,Alimata Bélem,A. Bélem,2004-09-02,99.97,18.51,32.15,22,19,3,103.0,5.42,0.11,0.0,1.21,0.89,11.39,0.58,0.11,0.84,0.21,0.11
997943,Marta López de Guereñu Arriaga,M. López de Guereñu Arriaga,2003-01-28,67.1,13.71,24.96,2,2,0,10.0,5.0,0.5,0.0,2.0,2.0,13.19,1.0,0.0,1.5,1.0,1.0
999846,Opa Clement Tukumbuke,O. Tukumbuke,2001-02-14,69.89,13.35,25.46,6,4,2,43.0,10.75,0.25,0.0,3.25,1.5,11.47,1.0,0.75,3.25,1.25,0.25
1001274,Salome Prat,S. Prat,2002-01-17,89.87,18.91,28.35,8,8,0,154.0,19.25,0.38,0.0,7.12,4.5,14.06,4.75,1.5,5.25,1.25,0.88
1001491,Paulina Ali,P. Ali,2003-05-04,92.31,21.47,20.28,3,2,1,7.0,3.5,0.0,0.0,1.0,0.5,7.15,0.0,0.0,0.0,0.0,0.0
1001496,Zipporah Agama,Z. Agama,2005-05-02,77.98,14.27,20.74,1,1,0,14.0,14.0,0.0,0.0,6.0,2.0,14.6,5.0,3.0,9.0,2.0,0.0
1010289,Lydia Rodríguez Pascual,L. Rodríguez Pascual,2005-12-15,,,,1,0,1,,,,,,,,,,,,
1017953,Nancy Amoh,N. Amoh,2005-09-18,93.19,18.23,24.14,2,2,0,11.0,5.5,0.5,0.0,2.5,1.5,12.28,0.5,1.0,0.5,0.0,0.0
1018190,Gio Garbelini,G. Garbelini,2003-06-21,69.13,12.76,29.58,1,1,0,17.0,17.0,1.0,0.0,8.0,4.0,14.63,7.0,1.0,2.0,1.0,0.0
1025889,Alma Velasco,A. Velasco,2006-04-13,98.65,18.45,31.65,12,9,3,30.0,3.33,0.0,0.0,0.78,0.67,12.96,0.22,0.11,0.11,0.0,0.0
1025891,Miku Kojima,M. Kojima,1996-08-30,84.82,24.34,21.23,3,2,1,26.0,13.0,0.0,0.0,2.0,1.5,10.29,0.5,0.5,1.5,0.5,0.0
1025894,Paula Redruello,P. Redruello,2007-01-27,70.11,16.62,18.54,2,1,1,13.0,13.0,0.0,0.0,2.0,1.0,11.49,2.0,0.0,5.0,0.0,0.0
1025899,Laura Marti,Laura Marti,2003-05-29,101.35,16.4,37.48,3,2,1,1.0,0.5,0.0,0.0,0.0,0.0,10.59,0.0,0.0,0.0,0.0,0.0
1025903,Marta López,M. López,2003-01-28,84.75,14.8,27.04,2,2,0,21.0,10.5,1.0,0.0,5.0,4.0,12.83,3.5,1.0,1.0,0.0,0.0
1025907,Nerea  Benito,N. Benito,2004-09-22,86.01,18.01,25.57,3,3,0,25.0,8.33,0.0,0.0,3.0,2.0,13.28,2.33,0.0,0.33,0.0,0.0
1025908,Iratxe Milagros Perez Gonzalez,Iratxe Perez,2004-05-24,80.66,20.05,19.39,5,5,0,127.0,25.4,0.4,0.0,8.8,4.0,14.12,4.4,7.0,15.0,4.6,2.2
1025909,Bernadette Amani,B. Amani,1997-09-05,99.9,23.53,24.36,11,11,0,258.0,23.45,0.82,0.09,6.73,4.82,12.54,2.27,3.36,6.18,1.55,0.82
1025910,Claudia Iglesias Bicho,C. Bicho,2003-08-30,63.98,24.31,16.11,1,1,0,39.0,39.0,0.0,0.0,6.0,2.0,11.33,0.0,3.0,18.0,2.0,1.0
1025912,Aithiara  Carballo Cabrera,Aithiara Carballo,1999-05-10,103.28,22.32,23.34,7,7,0,123.0,17.57,1.0,0.14,7.0,5.71,13.41,3.43,1.86,3.57,0.86,0.57
1025994,Ana Velázquez Jurico,Ana Velázquez,1999-02-05,99.54,15.96,30.68,20,17,3,72.0,4.24,0.0,0.0,1.0,0.82,8.69,0.0,0.12,0.12,0.0,0.0
1025995,Nuria Martinez Segarra,Nuria Martinez,2003-01-03,100.96,17.62,30.16,9,7,2,29.0,4.14,0.0,0.0,1.57,1.57,10.22,0.0,0.0,0.0,0.0,0.0
1025996,Judith Caravaca Muñoz,Judith Caravaca,1997-05-05,97.49,13.82,31.56,8,7,1,4.0,0.57,0.0,0.0,0.29,0.14,6.41,0.0,0.0,0.0,0.0,0.0
1025997,Aitana Zumárraga Garde,Aitana Zumárraga,2001-06-12,99.5,14.45,33.76,14,11,3,70.0,6.36,0.18,0.0,2.64,1.73,13.66,0.91,0.27,0.64,0.27,0.09
1025998,Astrid Álvarez Navarro,Astrid Álvarez,1992-12-24,99.62,16.66,28.52,13,11,2,127.0,11.55,0.36,0.0,3.91,2.18,12.22,1.82,1.09,4.45,1.09,0.27
1025999,Alba Santamaría Coleto,Alba Santamaria,1996-01-13,91.86,13.22,30.03,11,11,0,51.0,4.64,0.18,0.0,1.91,1.27,10.53,0.36,0.18,0.73,0.55,0.27
1026000,Patricia Miñano Zapata,P. Zapata,2005-02-22,76.63,5.66,32.39,1,1,0,4.0,4.0,0.0,0.0,0.0,0.0,8.52,0.0,1.0,2.0,0.0,0.0
1026001,Carla Castiñeyras Lopez,C. Lopez,2008-10-23,103.64,15.51,33.9,15,15,0,30.0,2.0,0.13,0.0,1.33,1.2,9.69,0.07,0.13,0.27,0.07,0.07
1026002,Vega Montesinos Berasategui,Vega Montesinos,2003-11-11,88.22,11.12,29.7,5,4,1,53.0,13.25,0.5,0.25,4.75,2.0,15.71,3.75,2.25,5.75,1.25,0.5
1026003, Marta Gestera Aramburu, . Aramburu,2002-12-20,81.29,14.1,24.25,7,7,0,137.0,19.57,0.43,0.14,8.57,3.57,12.76,3.29,3.14,10.0,3.71,1.29
1026004,Yiyi Relea,Y. Relea,1997-10-06,86.79,14.32,26.24,18,15,3,416.0,27.73,0.6,0.07,8.07,4.73,14.8,7.4,4.13,12.53,3.27,1.47
1026005,Lorena Valderas,Lorena Valderas,1994-02-02,89.34,21.0,26.36,2,2,0,8.0,4.0,0.0,0.0,1.5,1.5,12.47,0.0,0.0,0.0,0.0,0.0
1026006,Chelsea Ashurst,C. Ashurst,1990-04-22,98.66,21.77,29.55,6,6,0,1.0,0.17,0.0,0.0,0.0,0.0,2.66,0.0,0.0,0.0,0.0,0.0
1026007,Natalia Cebolla Contamina,Natalia,1999-01-06,103.81,16.62,31.77,5,5,0,12.0,2.4,0.0,0.0,0.4,0.4,9.89,0.0,0.2,0.2,0.0,0.0
1026008,Sandra Perera García,Sandra Perera,2001-04-11,89.25,19.92,24.79,5,4,1,21.0,5.25,0.0,0.0,2.0,1.0,12.52,0.25,1.0,1.5,0.75,0.25
1026009,Justina Morcillo,J. Morcillo,2000-08-09,87.9,19.03,27.34,12,12,0,161.0,13.42,0.08,0.0,4.25,3.75,12.56,1.33,0.42,1.92,0.08,0.08
1026010,Isabel Corte Peláez,Isina Corte,1996-02-14,99.67,21.02,29.06,20,19,1,335.0,17.63,0.47,0.05,6.89,4.47,13.76,3.21,2.79,8.05,2.68,1.32
1026011,Marta  Masferrer Cruz,Marta Masferrer,2001-01-01,98.53,20.69,30.26,21,20,1,107.0,5.35,0.05,0.0,1.45,1.3,9.73,0.2,0.2,0.2,0.05,0.05
1026012,Iria  Castro Gomez, Iria Castro,2002-01-02,92.64,18.02,31.03,13,13,0,35.0,2.69,0.0,0.0,1.54,1.23,8.75,0.0,0.08,0.08,0.08,0.0
1026013,Laura Martínez  del Campo,Laura Martínez,2003-09-14,62.76,11.98,21.07,2,1,1,4.0,4.0,0.0,0.0,2.0,2.0,10.33,0.0,0.0,0.0,0.0,0.0
1026014,Andrea Colomina Marina,Andrea Colomina,2005-12-02,86.72,18.22,26.06,9,9,0,29.0,3.22,0.0,0.0,1.22,1.22,10.98,0.22,0.0,0.0,0.0,0.0
1028275,Ainhoa Doménech Cedrés,A. Cedrés,,61.26,9.44,18.6,2,1,1,7.0,7.0,0.0,0.0,3.0,3.0,8.77,0.0,0.0,0.0,0.0,0.0
1028276,Vera Molina,V. Molina,2009-04-24,80.43,24.94,17.14,1,1,0,34.0,34.0,1.0,0.0,6.0,3.0,11.38,4.0,9.0,13.0,3.0,1.0
1028277,Berta  Doltra Bufill,B. Doltra Bufill,2004-01-14,83.78,17.95,25.31,1,1,0,1.0,1.0,1.0,0.0,1.0,1.0,16.18,0.0,1.0,1.0,1.0,1.0
1029070,Elena Valej Montañés,Elena Valej,2002-04-17,86.06,14.87,35.92,1,1,0,5.0,5.0,0.0,0.0,0.0,0.0,9.72,0.0,0.0,0.0,0.0,0.0
1029805,Ariadna Doménech Cedrés,A. Cedrés,,85.97,19.73,21.81,8,4,4,63.0,15.75,0.0,0.0,4.25,3.75,11.53,0.25,0.0,1.0,0.0,0.0
1030029,Pierina Nunez Cordero,Pierina Nunez,2000-03-13,76.87,13.78,24.84,5,4,1,53.0,13.25,0.5,0.0,5.25,2.5,14.78,4.5,2.25,8.75,3.0,1.0
1031327,Natalia  Peñalvo Martin,N. Peñalvo Martin,2006-11-23,81.5,26.11,10.85,1,1,0,11.0,11.0,0.0,0.0,3.0,3.0,8.4,0.0,0.0,1.0,0.0,0.0
1031776,Iris Ashley Santiago,I. Santiago,2007-11-09,84.46,33.19,12.88,4,4,0,98.0,24.5,1.5,0.25,8.5,4.75,11.83,3.25,11.5,16.75,5.75,3.0
1033195,Martine Trollsås Fenger,M. Fenger,2006-10-09,100.82,42.66,7.45,1,1,0,31.0,31.0,1.0,0.0,9.0,3.0,8.36,2.0,17.0,19.0,5.0,2.0
1034678,Adela  Rico,A. Rico,2001-07-19,102.54,19.55,32.22,11,10,1,44.0,4.4,0.0,0.0,0.9,0.7,9.67,0.0,0.2,1.0,0.2,0.1
1036743,Carla Abdon Naval,Carla Naval,2007-02-22,106.47,32.37,17.09,2,2,0,0.0,0.0,0.0,0.0,0.0,0.0,,0.0,0.0,0.0,0.0,0.0
1060032,Ainhoa Marin Martin,Ainhoa Marin,2001-03-21,107.0,26.18,24.16,2,1,1,33.0,33.0,0.0,0.0,13.0,9.0,13.44,11.0,2.0,15.0,3.0,1.0
