player_id,player_name,player_short_name,player_birthdate,minutes,minutes_tip,minutes_otip,performance_count,performance_included_count,performance_failed_count,optionoffered_count_total,optionoffered_count,optionoffered_count_targeted,optionoffered_count_received,optionoffered_count_shotwithin10s,optionoffered_count_goalwithin10s,optionoffered_count_linebreak,optionoffered_count_dangerous,optionoffered_count_inspace,optionoffered_count_wide,optionoffered_count_insidedefensiveshape,optionoffered_count_outsidedefensiveshape,optionoffered_count_penaltyarea,optionoffered_count_penaltyarea_received,optionoffered_count_penaltyarea_shotwithin10s,optionoffered_count_penaltyarea_goalwithin10s
22356,Vilde Bøe Risa,V. Bøe Risa,1995-07-13,86.69,24.51,20.42,13,12,1,1285.0,107.08,35.17,30.67,2.08,0.17,17.08,9.33,23.5,28.42,81.75,25.33,3.17,0.17,0.08,0.0
22358,Caroline Graham Graham Hansen,C. Graham Hansen,1995-02-18,82.88,33.13,13.27,11,11,0,1865.0,169.55,50.0,40.27,5.18,1.0,41.45,38.82,33.18,96.73,46.82,122.73,22.45,2.64,1.09,0.0
22370,Emilie Nautnes,E. Nautnes,1999-01-13,84.39,24.19,19.89,13,12,1,1227.0,102.25,27.5,12.17,1.5,0.42,29.33,35.17,2.75,21.17,72.92,29.33,19.08,1.17,0.5,0.17
22430,Sara Däbritz,S. Däbritz,1995-02-15,87.84,28.14,19.87,14,14,0,1792.0,128.0,35.43,29.21,2.21,0.36,29.36,26.0,21.43,37.21,88.64,39.36,10.36,1.07,0.57,0.07
22438,Merle Frohms,M. Frohms,1995-01-28,101.44,29.32,25.3,6,6,0,211.0,35.17,10.5,10.33,0.0,0.0,0.0,0.0,10.5,0.0,0.17,35.0,0.0,0.0,0.0,0.0
22441,María Dolores Gallardo Nuñez,Lola Gallardo,1993-06-10,103.55,29.45,24.6,18,16,2,591.0,36.94,14.19,14.0,0.0,0.0,0.0,0.0,14.12,0.0,0.06,36.88,0.0,0.0,0.0,0.0
22444,Irene  Paredes Hernandez,Irene Paredes,1991-07-04,93.22,37.32,15.07,14,14,0,2137.0,152.64,50.21,49.14,1.21,0.07,0.29,3.0,48.64,24.79,6.36,146.29,2.21,0.36,0.29,0.0
22448,Marta Torrejón Moya,Marta Torrejon,1990-02-27,99.15,39.03,15.58,12,12,0,2238.0,186.5,54.0,52.67,1.42,0.33,2.92,8.08,51.92,70.17,12.25,174.25,3.75,0.17,0.08,0.0
22451,Alexia Putellas Segura,Alexia Putellas,1994-02-04,95.91,38.28,15.17,10,10,0,2362.0,236.2,87.7,79.3,7.2,1.6,39.1,44.9,56.6,67.9,155.1,81.1,22.4,2.9,1.0,0.2
22452,Patricia Guijarro Gutiérrez,Patri Guijarro,1998-05-17,92.58,37.44,13.43,6,6,0,1320.0,220.0,89.0,85.33,6.67,1.33,8.33,13.67,74.83,42.0,126.67,93.33,3.17,0.5,0.33,0.0
22456,María Pilar León Cebrián,María León,1995-06-13,86.41,33.43,13.53,5,5,0,828.0,165.6,69.6,68.2,2.4,0.6,2.6,3.6,65.0,53.8,10.8,154.8,1.2,0.2,0.0,0.0
22458,Aitana Bonmati Conca,Aitana Bonmati,1998-01-18,96.08,38.44,13.7,6,6,0,1192.0,198.67,63.5,56.5,7.67,1.67,40.33,52.83,36.33,39.17,158.83,39.83,17.0,2.67,1.17,0.33
22553,Monica Hickmann Alves,Mônica,1987-04-21,93.43,25.9,22.72,17,16,1,1530.0,95.62,32.88,31.38,0.25,0.0,1.69,1.69,30.25,35.75,10.19,85.44,1.06,0.12,0.0,0.0
22633,Caroline Weir,C. Weir,1995-06-20,85.44,25.72,19.55,10,10,0,1197.0,119.7,39.7,31.6,2.5,0.5,34.3,24.8,19.3,36.0,85.2,34.5,9.4,1.5,0.4,0.1
22657,Estefanía Romina Banini Ruiz,E. Banini,1990-06-21,83.68,23.01,17.56,15,15,0,1780.0,118.67,33.87,26.87,1.93,0.27,29.8,11.33,19.67,67.2,57.73,60.93,4.4,0.6,0.4,0.07
22691,Chika Hirao,C. Hirao,1996-12-31,99.92,32.04,19.63,6,3,3,111.0,37.0,8.67,8.33,0.0,0.0,0.0,0.0,8.33,0.0,0.33,36.67,0.0,0.0,0.0,0.0
42753,Ingrid Filippa Angeldahl,F. Angeldahl,1997-07-14,83.44,25.79,19.38,15,15,0,1880.0,125.33,39.67,36.93,1.67,0.07,16.13,8.6,32.4,29.13,74.67,50.67,5.27,0.53,0.13,0.0
52569,Francisca Ramos Ribeiro Nazareth Sousa,Kika Nazareth,2002-11-17,91.15,39.2,13.02,7,7,0,1704.0,243.43,84.29,76.0,5.57,1.0,37.43,55.43,49.57,35.14,177.57,65.86,21.14,2.14,1.0,0.29
52573,Dolores Isabel Jacome Silva,Dolores Silva,1991-08-07,95.1,19.9,27.73,16,14,2,1260.0,90.0,17.79,12.64,0.5,0.07,12.71,7.43,8.71,28.0,73.79,16.21,2.14,0.07,0.07,0.0
52576,Inês Teixeira Pereira,Inês Pereira,1999-05-26,102.68,25.74,26.18,20,15,5,557.0,37.13,14.27,14.07,0.0,0.0,0.0,0.0,14.8,0.0,0.13,37.0,0.0,0.0,0.0,0.0
52591,Andreia de Jesus Jacinto,Andreia Jacinto,2002-06-08,94.82,28.13,23.74,17,14,3,1936.0,138.29,37.86,33.14,1.71,0.07,27.93,9.93,25.86,46.57,90.64,47.64,2.79,0.21,0.14,0.0
59377,Hanna Ulrika Bennison,H. Bennison,2002-10-16,86.0,30.69,15.77,6,6,0,776.0,129.33,30.17,24.83,1.17,0.17,26.0,17.67,19.0,27.33,96.5,32.83,5.0,0.5,0.5,0.17
62393,Giovana Queiroz Costa,Gio Garbelini,2003-06-21,88.52,27.8,17.04,4,4,0,436.0,109.0,28.0,17.5,2.25,0.0,42.25,34.0,8.5,32.0,68.0,41.0,12.5,0.75,0.25,0.0
62477,Ana Vitoria Angelica Kliemaschewsk de Araujo,Ana Vitória,2000-03-06,89.65,29.51,16.73,4,3,1,438.0,146.0,30.0,25.33,1.67,0.0,53.0,33.33,15.33,30.33,103.33,42.67,13.0,1.0,0.0,0.0
62524,Loreta Kullashi,L. Kullashi,1999-05-20,99.02,25.23,24.68,5,5,0,621.0,124.2,31.4,21.2,1.6,0.0,37.6,28.6,8.2,41.4,92.2,32.0,15.4,0.8,0.0,0.0
62532,Catalina Alasia Ongaro,C. Ongaro,2003-03-26,83.0,18.91,25.74,4,4,0,324.0,81.0,19.0,14.75,0.5,0.0,14.75,13.75,9.25,22.25,69.5,11.5,2.75,0.25,0.25,0.0
62575,Daniela Caracas González,D. Caracas,1997-04-25,98.42,21.86,29.43,14,12,2,1008.0,84.0,19.17,16.92,1.0,0.08,6.33,2.58,14.92,54.25,9.0,75.0,1.0,0.17,0.0,0.0
62605,Signe Kallesøe Bruun,S. Bruun,1998-04-06,65.87,17.83,16.32,4,4,0,304.0,76.0,18.75,10.25,2.5,0.75,21.75,32.25,2.75,10.75,59.25,16.75,15.5,1.5,1.0,0.5
62703,Hildur Antonsdóttir,H. Antonsdóttir,1995-09-18,95.41,27.18,21.72,19,17,2,1943.0,114.29,34.06,31.12,0.65,0.12,11.94,3.29,28.06,39.06,50.71,63.59,2.29,0.06,0.0,0.0
62890,Bárbara Latorre Vinals,Bárbara Latorre,1993-03-14,70.7,16.48,22.62,9,7,2,476.0,68.0,20.14,12.86,0.43,0.0,25.57,12.0,6.43,22.14,39.29,28.71,3.57,0.14,0.0,0.0
62892,María López Valenzuela,Maria Valenzuela,2002-11-26,103.97,28.08,24.72,9,9,0,474.0,52.67,16.67,16.56,0.0,0.0,0.0,0.0,17.44,0.0,0.0,52.67,0.0,0.0,0.0,0.0
62893,Eva María Navarro García,Eva Navarro,2001-01-27,88.35,25.94,22.13,11,11,0,1278.0,116.18,34.36,31.0,1.36,0.18,15.27,4.91,27.27,81.64,14.55,101.64,2.0,0.18,0.0,0.0
62895,Ainhoa Vicente Moraza,Ainhoa Moraza,1995-08-20,100.34,30.47,24.1,22,18,4,2125.0,118.06,47.78,46.06,0.61,0.06,5.28,2.06,46.39,50.33,8.94,109.11,0.5,0.0,0.0,0.0
62896,Catalina Coll,Cata Coll,2001-04-23,101.33,38.95,16.27,14,14,0,482.0,34.43,12.0,11.86,0.0,0.0,0.0,0.0,12.14,0.0,0.0,34.43,0.0,0.0,0.0,0.0
62898,María de Alharilla Casado Morente,Alharilla Casado,1990-11-13,96.98,19.73,29.74,19,14,5,980.0,70.0,21.71,17.79,0.5,0.0,10.93,5.21,15.0,48.64,11.5,58.5,2.0,0.07,0.07,0.0
63538,Antonia Ronnycleide da Costa Silva,Antônia Silva,1994-04-26,76.42,20.96,17.71,2,2,0,188.0,94.0,20.0,19.5,1.0,0.0,3.0,3.5,19.0,62.0,6.0,88.0,2.0,0.5,0.0,0.0
63571,Daiana Micaela Falfán,D. Falfán,2000-10-14,98.53,19.9,29.99,17,17,0,1300.0,76.47,17.82,14.59,0.71,0.0,9.59,5.53,10.24,12.35,65.76,10.71,2.53,0.41,0.24,0.0
63602,Annelie Leitner,A. Leitner,1996-06-15,96.18,19.19,29.09,18,17,1,1298.0,76.35,21.0,14.53,0.53,0.06,15.18,11.12,11.65,53.0,12.35,64.0,3.59,0.29,0.06,0.0
63688,Linda Lizeth Caicedo Alegria,L. Caicedo,2005-02-22,81.85,23.55,20.39,9,9,0,853.0,94.78,33.67,24.22,1.89,0.11,25.44,16.89,15.67,40.11,53.44,41.33,6.78,0.44,0.44,0.0
63731,Klára Cahynová,K. Cahynová,1993-12-20,100.82,29.76,24.74,19,15,4,1845.0,123.0,33.93,29.2,1.07,0.2,20.53,8.4,23.53,41.13,76.47,46.53,5.07,0.47,0.13,0.0
63755,Sofie Junge Pedersen,S. Junge Pedersen,1992-04-24,100.15,24.81,22.88,3,3,0,327.0,109.0,23.33,19.0,0.0,0.0,15.33,5.67,14.0,18.33,91.0,18.0,1.67,0.0,0.0,0.0
63763,Sara Rosted Holmgaard,S. Holmgaard,1999-01-28,94.5,30.96,20.13,14,14,0,1875.0,133.93,38.79,36.36,1.5,0.21,13.79,9.57,34.43,95.93,8.57,125.36,4.07,0.64,0.21,0.0
63789,Sandie Toletti,S. Toletti,1995-07-13,86.31,26.33,21.15,10,10,0,1392.0,139.2,46.5,45.0,1.8,0.0,11.4,8.6,40.4,25.9,73.6,65.6,1.8,0.3,0.2,0.0
63824,Andrea Abigail Alvarez Donis,A. Alvarez,2003-01-13,77.66,16.32,20.68,12,11,1,810.0,73.64,23.73,13.55,2.09,0.18,18.91,13.27,6.55,35.91,38.82,34.82,5.55,0.64,0.36,0.0
63933,Synne Sofie Kinden Jensen,S. Jensen,1996-02-15,86.58,26.57,19.65,14,13,1,1514.0,116.46,28.46,16.15,3.0,0.54,36.69,46.38,5.46,25.23,72.31,44.15,20.62,1.77,1.08,0.15
63943,Aldrith Ivana Quintero Humphries,Aldrith Quintero,2002-01-01,104.88,19.0,29.96,10,9,1,412.0,45.78,13.22,12.33,0.44,0.11,2.22,1.0,10.67,7.56,17.22,28.56,0.44,0.0,0.0,0.0
63993,Ewa  Pajor,E. Pajor,1996-12-03,85.84,34.01,14.12,12,12,0,2123.0,176.92,29.58,16.67,4.42,1.42,49.75,99.75,4.33,17.67,149.92,27.0,49.33,3.67,1.83,0.75
64092,María Isabel Rodríguez Rivero ,Misa,1999-07-22,102.1,32.98,20.93,17,17,0,657.0,38.65,12.65,12.41,0.0,0.0,0.0,0.0,12.82,0.0,0.0,38.65,0.0,0.0,0.0,0.0
64094,Ona Batlle Pascual,Ona Batlle,1999-06-10,82.21,33.38,13.64,12,12,0,2339.0,194.92,55.83,52.0,2.83,0.83,18.25,17.42,47.5,98.25,28.0,166.92,8.42,0.58,0.17,0.08
64095,Laia Aleixandri López,Laia Aleixandri,2000-08-25,91.02,36.02,14.04,8,8,0,1592.0,199.0,63.75,62.38,4.0,0.62,2.62,8.25,60.0,39.62,63.38,135.62,3.0,0.5,0.25,0.0
64097,Rosa Márquez Baena,Rosa Márquez,2000-12-22,100.43,23.03,26.35,23,22,1,2293.0,104.23,33.95,28.45,1.82,0.14,18.73,10.0,19.32,46.91,69.27,34.95,2.36,0.5,0.27,0.05
64098,Anna Torroda Ricart,Anna Torrodà,2000-01-21,97.39,22.12,26.68,22,16,6,1535.0,95.94,27.06,24.56,0.75,0.0,7.44,1.69,20.38,22.31,72.44,23.5,0.19,0.0,0.0,0.0
64099,Nerea Eizaguirre Lasa,Nerea Eizagirre,2000-01-04,89.61,30.74,18.76,7,5,2,605.0,121.0,40.8,35.0,3.0,0.8,34.0,17.2,27.8,42.2,79.8,41.2,6.8,0.8,0.4,0.2
64100,Claudia Pina Medina,Claudia Pina,2001-08-12,77.75,31.72,12.44,14,14,0,2448.0,174.86,54.0,47.0,6.43,0.93,41.5,35.93,33.5,59.36,96.21,78.64,18.71,2.71,1.21,0.21
64102,Amaiur Sarriegi Isasa,Amaiur Sarriegi,2000-12-13,83.92,25.69,17.18,14,12,2,1358.0,113.17,30.92,19.33,2.67,0.33,35.92,37.75,8.08,26.25,78.25,34.92,18.25,2.33,1.33,0.17
64103,Alba María Redondo Ferrer,Alba Redondo,1996-08-27,81.19,28.58,17.08,11,11,0,1248.0,113.45,24.64,13.27,2.27,0.36,35.27,52.36,5.0,16.0,79.36,34.09,28.09,2.36,1.18,0.27
64105,Athenea del Castillo Belvide,Athenea del Castillo,2000-10-24,89.51,29.69,19.38,13,13,0,1539.0,118.38,39.38,30.15,3.23,0.23,41.08,22.0,21.77,71.46,38.62,79.77,10.08,1.38,0.46,0.0
67689,Gemma Font Oliveras,Gemma Font,1999-10-23,100.38,42.63,14.77,8,8,0,260.0,32.5,13.62,13.38,0.0,0.0,0.0,0.0,14.0,0.0,0.0,32.5,0.0,0.0,0.0,0.0
67695,María José Pérez González,María José Pérez,1984-03-19,99.32,14.89,32.57,6,6,0,544.0,90.67,34.5,17.17,1.83,0.0,16.83,29.0,4.67,22.0,64.5,26.17,9.33,1.0,0.67,0.0
67697,Aleksandra Zaremba Kupiec,A. Zaremba,2001-02-19,98.91,22.7,26.2,22,21,1,1798.0,85.62,28.81,22.05,1.14,0.24,17.33,6.29,18.24,64.86,6.67,78.95,2.19,0.24,0.14,0.1
67699,Natalia Ramos Álvarez,Natalia Ramos,1999-02-10,101.73,23.68,26.48,23,22,1,1984.0,90.18,23.68,20.23,0.68,0.09,9.23,4.82,15.45,23.59,70.09,20.09,0.68,0.14,0.09,0.05
67700,Patricia Gavira Collado,Patri Gavira,1989-04-26,103.79,23.64,27.52,22,21,1,1380.0,65.71,23.29,22.38,0.62,0.1,2.05,1.48,21.95,33.62,6.57,59.14,1.38,0.1,0.05,0.0
67702,Koko Ange Mariette Christelle N'Guessan,A. N'Guessan,1990-11-18,83.77,24.45,17.8,4,4,0,400.0,100.0,26.75,17.25,1.25,0.0,35.0,27.0,8.25,46.25,43.25,56.75,13.0,0.5,0.25,0.0
67705,Paola Hernández Díaz,Paola Hernández,2002-07-25,80.97,19.05,19.78,15,15,0,1269.0,84.6,21.6,18.27,1.13,0.13,13.6,6.0,13.33,32.8,61.67,22.93,1.8,0.27,0.2,0.0
68132,Cecilia Marcos Nabal,Cecilia Marcos,2001-11-03,72.83,20.52,19.62,6,3,3,176.0,58.67,18.33,13.0,0.0,0.0,13.67,6.67,10.67,44.67,3.67,55.0,1.67,0.0,0.0,0.0
68133,Emma Ramírez Gorgoso,Emma Ramírez,2002-05-10,70.64,20.19,20.13,9,7,2,562.0,80.29,23.29,15.71,1.29,0.14,24.86,9.86,12.0,53.14,18.43,61.86,4.86,0.71,0.57,0.0
68135,Gemma Gili Giner,Gemma Gili,1994-05-21,88.98,29.34,12.34,1,1,0,130.0,130.0,37.0,31.0,6.0,1.0,31.0,24.0,20.0,47.0,108.0,22.0,5.0,0.0,0.0,0.0
68136,Iris Arnaiz Gil,Iris Arnaiz,1994-05-18,90.66,19.73,24.41,19,18,1,1207.0,67.06,18.78,16.56,0.5,0.0,6.5,1.28,13.89,10.89,41.94,25.11,0.33,0.06,0.06,0.0
68138,Maddi Torre Larrañaga,Maddi Torre,1996-03-30,101.12,27.79,23.17,7,5,2,572.0,114.4,41.0,40.4,0.4,0.0,0.0,1.6,41.2,14.2,4.6,109.8,1.4,0.2,0.2,0.0
68140,Gabriela Antonia García Segura,Gaby García,1997-04-02,99.83,28.58,23.53,10,9,1,1192.0,132.44,36.33,31.56,2.11,0.22,19.44,14.11,20.11,17.44,115.33,17.11,4.78,0.78,0.56,0.22
68142,Olatz Santana Amado,Olatz Santana,1997-05-08,101.69,24.74,26.76,3,3,0,86.0,28.67,16.33,16.33,0.0,0.0,0.0,0.0,17.67,0.0,0.0,28.67,0.0,0.0,0.0,0.0
68146,Mirari Uria Gabilondo,Mirari Uria,2003-01-01,78.4,26.42,19.28,3,3,0,299.0,99.67,29.0,13.33,1.33,0.67,40.67,16.0,3.67,24.0,77.67,22.0,7.33,1.0,1.0,0.67
68151,Berta Pujadas Boix,Berta Pujadas,2000-04-09,102.12,24.02,26.1,8,8,0,638.0,79.75,27.88,27.12,0.0,0.0,0.88,1.88,26.38,19.5,7.88,71.88,0.88,0.0,0.0,0.0
68154,Esther Martín-Pozuelo Aranda,Esther Martín-Pozuelo,1998-10-08,94.21,21.11,24.08,17,17,0,1353.0,79.59,19.59,17.71,0.53,0.0,7.82,2.71,15.65,56.82,12.24,67.35,0.88,0.06,0.0,0.0
68162,Lice Fabiana Chamorro Gómez,L. Chamorro,1998-12-22,97.42,25.26,21.93,18,18,0,2050.0,113.89,31.67,16.5,1.61,0.28,30.78,32.28,5.11,33.28,70.17,43.72,13.67,1.11,0.28,0.0
68163,Nerea Nevado Gómez,Nerea Nevado,2001-04-27,99.56,28.69,22.91,17,14,3,1432.0,102.29,36.07,32.43,1.36,0.07,10.57,7.0,29.5,71.5,13.79,88.5,2.79,0.21,0.07,0.0
68167,Gema Soliveres Cholbi,Gema Soliveres,2000-11-03,77.93,16.38,20.93,6,3,3,162.0,54.0,12.33,9.67,0.33,0.0,7.67,1.0,9.0,6.67,44.0,10.0,0.67,0.0,0.0,0.0
68169,Sonia García Majarín,Sonia Majarín,2002-12-06,101.46,26.17,22.94,21,21,0,1940.0,92.38,34.9,33.43,0.67,0.05,2.19,1.19,32.71,29.1,10.62,81.76,0.48,0.05,0.05,0.0
68175,Vera Martínez Viota,Vera Martínez,1999-09-13,104.16,24.82,26.71,16,13,3,1142.0,87.85,23.54,19.62,0.38,0.0,9.77,6.38,17.38,44.77,15.08,72.77,2.62,0.23,0.0,0.0
68176,Garazi Fácila Giralte,Garazi Facila,1999-10-25,101.23,18.91,32.82,20,17,3,956.0,56.24,17.41,14.0,0.65,0.0,6.82,6.35,11.0,34.65,10.35,45.88,1.35,0.06,0.0,0.0
68177,Miku Ito Kojima,M. Kojima,1999-11-06,93.71,22.52,27.18,7,5,2,404.0,80.8,21.0,19.0,0.6,0.0,8.0,3.4,14.4,16.6,57.6,23.2,0.8,0.2,0.2,0.0
68178,Naima García Aguilar,Naima Garcia,1998-06-24,78.43,18.57,22.99,8,6,2,605.0,100.83,29.0,22.5,2.0,0.0,24.5,10.67,13.0,22.0,83.17,17.67,2.83,0.33,0.33,0.0
68183,Ana González,Ana Gonzalez,1995-03-26,84.28,23.22,18.15,16,16,0,1476.0,92.25,29.12,26.81,0.56,0.0,6.38,3.25,23.75,16.25,52.62,39.62,1.31,0.06,0.06,0.0
68185,Angela Sosa Martín,Ángela Sosa,1993-01-16,93.15,27.08,20.72,20,18,2,2445.0,135.83,41.28,36.06,1.39,0.06,17.78,10.22,31.89,47.61,73.44,62.39,3.78,0.22,0.11,0.0
68189,Paula Perea ,Paula Perea,1996-06-19,83.47,16.8,25.12,6,4,2,231.0,57.75,15.0,11.5,0.25,0.0,11.75,4.75,10.25,40.5,4.0,53.75,0.5,0.0,0.0,0.0
68193,Andrea Medina Martin,Andrea Medina,2004-05-11,98.07,28.04,22.62,18,17,1,1920.0,112.94,35.76,32.82,1.53,0.12,10.29,9.41,29.82,77.29,6.41,106.53,3.65,0.53,0.24,0.06
68197,Silvia Lloris Nicolás,Silvia Lloris,2004-05-15,104.34,29.88,23.83,14,13,1,1685.0,129.62,51.15,49.62,0.77,0.0,0.62,2.62,50.38,30.08,6.62,123.0,1.92,0.15,0.0,0.0
68200,Leire Baños Indakoetxea,Leire Baños,1996-11-29,78.82,21.31,22.12,10,9,1,726.0,80.67,27.44,25.89,0.56,0.11,7.78,2.33,22.0,17.0,54.78,25.89,0.78,0.11,0.11,0.0
68201,María Méndez Fernández,María Méndez,2001-04-10,102.19,30.46,24.24,13,13,0,1763.0,135.62,51.54,50.46,0.69,0.0,0.62,2.54,51.08,20.69,6.62,129.0,1.92,0.08,0.0,0.0
68202,Núria Mendoza Miralles,Núria Mendoza,1995-12-15,99.86,28.33,23.06,21,19,2,2102.0,110.63,42.68,40.89,0.95,0.11,2.16,1.58,40.26,44.53,8.11,102.53,0.95,0.11,0.05,0.0
68208,Lucía María Rodríguez Herrero,Lucía Rodríguez,1999-05-24,96.79,29.19,24.15,20,16,4,1883.0,117.69,39.0,34.75,1.38,0.0,16.44,4.69,32.75,80.75,13.5,104.19,2.88,0.38,0.25,0.0
68210,Rocío Gálvez Luna,Rocio Galvez,1997-04-15,101.14,33.4,21.06,12,12,0,1674.0,139.5,56.75,55.5,0.25,0.0,0.17,1.25,56.42,15.17,3.0,136.5,1.25,0.08,0.0,0.0
68215,Lorena Navarro Domínguez,Lorena Navarro,2000-11-11,84.62,23.15,20.33,11,11,0,1112.0,101.09,29.18,25.18,0.45,0.09,12.91,6.64,19.73,25.27,65.55,35.55,2.36,0.27,0.09,0.09
68245,Paula Arana Montes,Paula Arana,2001-11-08,78.37,18.13,21.11,12,8,4,908.0,113.5,31.12,21.5,2.25,0.12,27.38,17.88,11.75,31.12,92.25,21.25,5.0,0.25,0.0,0.0
68246,Irene Oguiza Martínez,Irene Oguiza,2000-01-05,65.46,23.03,13.31,4,3,1,326.0,108.67,31.33,30.0,0.67,0.0,15.33,1.33,24.33,31.67,72.0,36.67,0.33,0.0,0.0,0.0
68249,Ane Azkona,Ane Azkona,1998-07-15,84.22,22.13,21.68,14,11,3,1041.0,94.64,21.18,9.18,1.45,0.18,26.55,33.64,3.45,22.27,70.45,24.18,16.55,1.82,0.82,0.18
68261,Adriana Nanclares Romero,Adriana Nanclares,2002-05-09,102.06,27.82,24.88,19,16,3,821.0,51.31,24.31,24.31,0.0,0.0,0.0,0.0,25.56,0.0,0.0,51.31,0.0,0.0,0.0,0.0
68262,Ane Etxezarreta Ayerbe,Ane Etxezarreta,1995-08-24,99.57,18.9,32.14,10,8,2,368.0,46.0,12.38,11.38,0.38,0.12,1.62,1.12,10.5,17.12,6.62,39.38,1.0,0.12,0.12,0.0
68398,Lauren Eduarda Leal Costa,Lauren Leal,2002-09-13,98.63,27.9,22.09,13,12,1,1394.0,116.17,44.5,42.83,0.5,0.0,0.58,3.5,43.08,22.58,4.83,111.33,2.5,0.0,0.0,0.0
68399,Yasmim Assis Ribeiro,Yasmim,1996-10-28,83.03,22.77,21.05,6,6,0,586.0,97.67,25.83,24.0,0.83,0.0,7.83,5.0,22.0,70.67,11.5,86.17,2.33,0.5,0.0,0.0
68451,Alices Yannel Correa Santa Cruz,Yannel Correa,1996-09-10,88.75,13.71,28.96,8,7,1,215.0,30.71,10.0,9.71,0.14,0.0,0.14,0.71,9.86,4.71,3.57,27.14,0.71,0.0,0.0,0.0
68457,Ximena Daiana Velazco Nuñez,X. Velazco,1995-07-31,82.75,15.77,29.4,5,5,0,244.0,48.8,10.6,7.6,0.0,0.0,5.6,4.6,4.2,14.6,42.8,6.0,1.8,0.0,0.0,0.0
68468,Esperanza Pizarro Pagalday,E. Pizarro,2001-04-15,93.85,24.36,21.79,12,10,2,991.0,99.1,28.3,21.2,2.5,0.6,28.9,18.9,12.7,37.4,58.0,41.1,5.3,0.5,0.3,0.2
69887,Chantal Hagel,C. Hagel,1998-07-20,86.34,22.77,21.8,5,5,0,507.0,101.4,22.2,15.4,1.0,0.2,16.8,20.4,11.0,24.8,79.4,22.0,6.4,0.2,0.2,0.0
69987,Sarah Jankovska,S. Jankovska,1999-08-13,80.87,18.26,20.96,4,4,0,270.0,67.5,15.75,14.0,0.5,0.0,3.5,2.5,8.25,19.0,57.25,10.25,0.25,0.0,0.0,0.0
69993,Claudia Florentino Vivó,Claudia Florentino,1998-03-10,97.12,27.57,25.71,14,10,4,1091.0,109.1,47.7,46.3,0.3,0.0,0.7,1.1,47.1,8.3,4.4,104.7,1.0,0.1,0.1,0.0
70069,Natasa Andonova,N. Andonova,1993-12-04,78.36,24.9,15.26,8,8,0,831.0,103.88,27.25,21.75,1.5,0.12,32.88,15.5,13.12,39.0,73.5,30.38,7.62,0.62,0.38,0.0
70071,Ainhoa Estévez Bascuñán,Ainhoa Bascuñán,2004-02-23,89.5,17.89,28.17,9,7,2,523.0,74.71,19.0,14.71,1.0,0.0,11.86,6.86,10.43,18.14,65.0,9.71,1.0,0.14,0.14,0.0
70124,Estefanía  Lima Díaz,Estefa,1989-05-11,83.36,11.24,28.21,5,5,0,210.0,42.0,7.6,5.6,0.0,0.0,5.0,3.8,3.0,10.4,35.4,6.6,1.0,0.0,0.0,0.0
70126,Belen Martínez Sousa,Belen,1988-11-24,94.33,15.51,28.43,17,15,2,1161.0,77.4,27.0,15.6,1.4,0.13,16.73,12.73,11.8,46.4,21.6,55.8,4.4,0.47,0.2,0.07
70128,Ainoa Campo Franco,Ainoa Campo,1996-06-17,99.37,22.59,27.68,21,16,5,1779.0,111.19,32.75,24.94,1.88,0.12,15.38,14.56,16.62,25.75,96.5,14.69,8.0,1.44,0.56,0.12
70130,Elena de Toro Aldaria,Elena de Toro,1997-01-31,103.8,18.71,29.96,11,10,1,213.0,21.3,8.8,8.7,0.0,0.0,0.0,0.0,8.7,0.0,0.0,21.3,0.0,0.0,0.0,0.0
70143,Raquel Pinel Sáez,Raquel Pinel,1994-08-30,97.29,17.27,26.37,7,4,3,359.0,89.75,28.75,21.25,0.75,0.25,20.75,9.0,13.0,30.25,63.5,26.25,3.75,0.5,0.0,0.0
70144,Sheila Guijarro Gómez,Sheila Guijarro,1996-09-26,66.36,17.47,14.06,2,1,1,76.0,76.0,21.0,10.0,1.0,0.0,22.0,31.0,5.0,12.0,43.0,33.0,14.0,1.0,0.0,0.0
70147,Arene Altonaga Echeverria,Arene Altonaga,1993-02-25,87.91,16.89,27.73,17,14,3,933.0,66.64,13.0,9.5,0.57,0.07,7.86,7.36,6.43,14.29,60.5,6.14,2.0,0.29,0.21,0.07
70148,Arola Aparicio Gili,Arola Aparicio,1997-09-24,87.02,31.65,17.98,7,6,1,796.0,132.67,42.67,31.0,3.33,0.5,47.5,23.17,24.5,89.17,27.83,104.83,11.83,1.67,0.67,0.0
70149,Elba Vergés Prats,Elba Vergés,1995-10-24,102.01,22.83,27.78,21,20,1,1282.0,64.1,23.95,22.75,0.3,0.05,0.55,1.65,22.7,10.65,5.5,58.6,1.55,0.2,0.15,0.05
70151,María Llompart Pons,María Llompart,2000-10-19,92.54,24.54,20.81,16,16,0,2039.0,127.44,42.75,36.44,1.5,0.12,21.38,11.12,26.81,48.88,89.06,38.38,2.81,0.25,0.06,0.0
70161,Ane Campos Andueza,Ane Campos,1999-05-21,72.46,21.99,18.19,6,5,1,473.0,94.6,26.8,11.4,0.8,0.4,34.0,30.0,4.4,20.0,71.2,23.4,13.4,1.4,0.4,0.2
70162,Miriam Rodriguez González,Kuki,1994-11-18,88.36,8.38,34.27,3,2,1,70.0,35.0,10.0,6.0,0.0,0.0,4.0,3.5,2.0,10.5,32.5,2.5,1.0,0.0,0.0,0.0
75104,Paulina Gramaglia,P. Gramaglia,2003-03-21,76.88,19.7,21.21,7,6,1,613.0,102.17,29.5,13.5,1.83,0.0,29.83,34.67,2.0,13.67,86.33,15.83,15.67,2.0,1.17,0.0
95618,Carmen Menayo Montero,Carmen Menayo,1998-04-14,87.59,25.57,20.99,6,5,1,446.0,89.2,29.4,29.2,0.2,0.0,0.8,1.4,28.4,27.0,7.2,82.0,1.0,0.4,0.2,0.0
95619,Carmen Álvarez ,Carmen Alvarez,2003-02-24,83.37,15.72,27.47,14,13,1,1057.0,81.31,28.23,11.92,1.46,0.08,19.69,22.23,2.92,16.0,59.69,21.62,8.54,0.92,0.54,0.0
95620,Claudia Iglesias de la Cruz,Claudia Iglesias,2003-08-30,72.78,21.55,14.13,1,1,0,99.0,99.0,24.0,17.0,1.0,0.0,38.0,28.0,8.0,44.0,65.0,34.0,13.0,2.0,0.0,0.0
95622,Sheila García Gómez,Sheila Garcia,1997-03-15,94.82,32.28,17.34,9,9,0,1380.0,153.33,45.44,41.67,1.89,0.33,12.11,7.78,39.78,94.67,29.22,124.11,1.56,0.0,0.0,0.0
95624,Ana Franco de la Vega,Ana Franco,1999-06-06,90.14,19.04,26.35,16,12,4,1222.0,101.83,29.0,15.75,1.75,0.17,28.67,22.0,6.58,36.17,64.42,37.42,9.92,1.58,0.75,0.08
95628,Noelia Ramos Álvarez,Noelia Ramos,1999-02-10,103.21,22.13,29.45,11,10,1,268.0,26.8,9.9,9.9,0.0,0.0,0.0,0.0,10.0,0.0,0.0,26.8,0.0,0.0,0.0,0.0
95632,María Inmaculada Gabarro Romero,Inma Gabarro,2002-11-05,89.91,21.05,24.11,13,12,1,1229.0,102.42,29.5,16.67,1.92,0.25,27.42,28.33,7.75,32.75,68.5,33.92,12.0,0.67,0.58,0.17
95634,Teresa Merida Cañete,Teresa Merida,2002-07-17,100.6,19.78,31.1,20,16,4,866.0,54.12,17.62,17.19,0.19,0.0,0.12,0.88,17.25,12.06,3.81,50.31,0.5,0.0,0.0,0.0
143905,Esmee Brugts,E. Brugts,2003-07-28,85.86,34.81,14.1,14,14,0,2478.0,177.0,53.29,48.07,3.21,0.57,31.0,26.86,40.5,99.93,43.57,133.43,13.86,1.14,0.14,0.0
147842,Paula Partido Duran,Paula Partido,2005-03-02,85.41,18.97,24.69,5,5,0,449.0,89.8,22.4,13.4,0.6,0.2,31.2,18.0,7.0,37.0,53.0,36.8,8.6,0.2,0.2,0.0
147843,Meritxell Muñoz,Meritxell Muñoz,2003-06-18,103.97,28.56,21.27,3,2,1,74.0,37.0,13.5,13.5,0.0,0.0,0.0,0.0,14.0,0.0,0.0,37.0,0.0,0.0,0.0,0.0
147844,Ona Baradad Rius,Ona Baradad,2004-04-16,84.15,19.43,23.44,21,15,6,1370.0,91.33,23.0,13.67,1.13,0.4,22.87,13.13,9.33,51.67,32.0,59.33,2.47,0.33,0.13,0.07
151716,Ariana Arias Jiménez,Ariana Arias,2003-05-25,74.17,13.83,23.62,7,4,3,276.0,69.0,20.0,8.75,0.25,0.0,14.75,22.0,3.75,15.75,45.75,23.25,8.5,0.5,0.25,0.0
151728,Esther Laborde Cabanillas,Esther Laborde,2004-04-20,80.89,23.82,19.31,10,10,0,843.0,84.3,25.0,20.6,1.4,0.0,14.5,7.4,14.7,25.2,59.3,25.0,2.0,0.3,0.3,0.0
157687,Claire Lavogez,C. Lavogez,1994-06-18,76.28,27.86,16.44,11,8,3,813.0,101.62,26.62,15.25,1.12,0.12,39.5,28.5,5.75,23.5,77.62,24.0,16.62,1.12,0.25,0.0
167402,Salma Paralluelo Ayingono,Salma Paralluelo,2003-11-13,81.68,33.55,13.37,9,9,0,1329.0,147.67,36.44,28.11,3.78,0.67,39.0,48.0,19.56,56.22,73.33,74.33,25.78,2.44,0.78,0.22
167449,Naomie Feller,N. Feller,2001-11-06,78.6,23.17,19.08,6,6,0,627.0,104.5,30.33,20.17,2.33,0.17,37.5,23.17,11.0,58.0,43.83,60.67,6.67,0.33,0.33,0.0
167512,Allegra Poljak,A. Poljak,1999-02-05,93.89,26.66,20.78,19,17,2,1666.0,98.0,30.18,25.18,2.35,0.12,24.94,13.0,20.18,73.94,10.53,87.47,5.35,0.88,0.18,0.0
169963,Phoenetia Browne,P. Browne,1994-04-22,79.46,18.18,21.57,12,11,1,1027.0,93.36,24.18,11.0,1.27,0.09,28.27,31.0,3.27,20.91,57.55,35.82,11.09,0.64,0.27,0.09
185157,Alice Marques,A. Marques,2005-05-04,98.68,22.61,25.23,8,8,0,602.0,75.25,24.62,23.5,0.25,0.0,1.75,3.62,22.5,24.38,9.12,66.12,1.88,0.25,0.0,0.0
185176,Sara Ortega Ruiz,Sara Ortega,2005-02-20,96.55,25.81,24.35,20,17,3,2036.0,119.76,33.71,23.47,1.59,0.29,37.71,18.88,15.29,52.71,72.53,47.24,6.71,0.47,0.12,0.06
185177,Marina Artero Moreno,Marina Artero,2005-10-14,93.12,24.42,21.9,5,3,2,257.0,85.67,35.67,34.33,0.33,0.0,0.0,2.67,33.67,9.67,4.0,81.67,1.67,0.0,0.0,0.0
185179,Marina Rivas Jaén,Marina Rivas,2005-07-02,85.43,22.16,22.0,8,7,1,644.0,92.0,21.86,18.57,1.0,0.0,15.57,3.86,12.43,30.57,69.14,22.86,2.0,0.14,0.14,0.0
185181,Sandra Villafañe Serrada,Sandra Villafañe,2005-09-18,102.36,29.31,22.78,22,20,2,2182.0,109.1,36.05,35.3,0.0,0.0,3.2,1.35,35.3,20.35,13.2,95.9,1.2,0.05,0.0,0.0
185182,Victoria López Serrano Felix,Vicky López,2006-07-26,88.51,35.74,13.84,13,13,0,2626.0,202.0,64.0,56.69,7.15,1.15,42.15,48.85,42.23,84.62,101.0,101.0,28.62,4.15,1.54,0.31
185183,Adriana Ranera Casanovas,Adriana Ranera,2005-07-07,101.03,44.27,16.89,2,2,0,443.0,221.5,64.0,63.0,0.0,0.0,0.5,1.0,65.0,40.0,5.0,216.5,1.0,0.0,0.0,0.0
185184,Eunate Astralaga Aranguren,Eunate Astralaga,2005-11-30,102.26,19.45,31.99,20,18,2,526.0,29.22,12.67,12.67,0.0,0.0,0.0,0.0,13.0,0.0,0.0,29.22,0.0,0.0,0.0,0.0
185185,Jone Amezaga Martinez,Jone Amezaga,2005-01-02,88.22,26.05,19.27,5,4,1,445.0,111.25,23.75,13.25,0.5,0.0,43.0,22.75,6.5,40.25,61.75,49.5,11.5,0.75,0.0,0.0
185190,Olaya Enrique Rodriguez,Olaya Rodriguez,2005-05-10,96.8,24.99,24.17,19,14,5,1614.0,115.29,28.21,21.71,1.79,0.21,30.57,15.93,14.71,31.86,92.93,22.36,3.43,0.07,0.07,0.0
185191,Yolanda Sierra ,Yolanda Sierra,2005-01-17,99.4,21.32,32.0,7,5,2,350.0,70.0,21.2,20.4,0.6,0.0,0.0,1.0,20.0,24.2,4.6,65.4,1.0,0.2,0.2,0.0
185192,Lotte Jasmijn Keukelaar,L. Keukelaar,2005-09-25,78.65,25.82,16.19,3,3,0,315.0,105.0,30.0,24.0,5.0,0.67,36.67,21.33,18.67,72.67,31.0,74.0,10.33,2.0,1.0,0.33
185243,Julia Bartel Holgado,Julia Bartel,2004-05-18,85.86,25.95,20.11,14,12,2,1497.0,124.75,38.67,35.17,1.75,0.17,17.0,7.42,26.0,27.0,89.08,35.67,2.17,0.17,0.0,0.0
185244,Maite Zubieta Aranbarri,Maite Zubieta,2004-05-28,92.72,24.73,23.57,16,13,3,1401.0,107.77,37.77,35.46,1.23,0.08,13.77,4.0,30.62,20.92,77.62,30.15,0.92,0.08,0.0,0.0
185246,Amaia Martínez De la Peña,Amaia Martinez,2004-06-29,101.8,23.87,26.43,8,5,3,376.0,75.2,25.6,24.6,0.0,0.0,1.0,1.8,25.4,15.4,6.0,69.2,1.0,0.0,0.0,0.0
185247,Ariadna Mingueza García,Ari Mingueza,2003-03-22,90.25,24.62,21.26,17,10,7,932.0,93.2,28.6,25.6,1.1,0.0,8.7,5.8,21.9,19.2,65.3,27.9,0.6,0.0,0.0,0.0
185248,Clara Pinedo Castresana,Clara Pinedo,2003-09-09,81.91,23.08,19.66,11,10,1,1192.0,119.2,33.5,25.4,2.4,0.2,35.7,14.3,16.9,48.7,92.0,27.2,5.0,0.9,0.5,0.0
185250,Ane Elexpuru Añorga,Ane Elexpuru,2003-05-02,98.68,26.61,24.51,20,18,2,1929.0,107.17,33.17,29.44,0.89,0.17,13.17,4.33,27.83,79.44,8.94,98.22,1.89,0.17,0.06,0.0
185251,Lucía Moral Ruiz,Lucía Moral,2004-02-11,82.33,19.7,20.3,6,6,0,651.0,108.5,28.0,16.67,2.0,0.33,33.0,25.0,5.33,38.33,63.83,44.67,12.17,1.17,0.33,0.17
188219,Fiamma Benítez Iannuzzi,Fiamma Iannuzzi,2004-06-19,92.14,26.55,21.06,19,18,1,2268.0,126.0,38.61,31.39,2.89,0.39,29.33,21.83,19.28,35.89,99.33,26.67,10.0,1.17,0.44,0.11
188656,Luany Vitória da Silva Rosa,Luany,2003-02-03,92.85,27.19,20.31,16,15,1,2038.0,135.87,37.47,30.33,2.93,0.67,39.87,24.6,22.6,85.2,37.87,98.0,11.33,1.93,0.53,0.07
191946,Chinyere Mercy Kalu,C. Kalu,2005-10-23,69.56,15.99,19.2,1,1,0,59.0,59.0,15.0,13.0,0.0,0.0,8.0,0.0,8.0,14.0,43.0,16.0,0.0,0.0,0.0,0.0
407291,Sakina Ouzraoui Diki,S. Ouzraoui Diki,2001-08-29,82.31,19.12,21.47,18,17,1,1532.0,90.12,28.65,16.41,2.18,0.29,25.59,20.65,7.12,34.53,55.47,34.65,8.65,1.12,0.41,0.12
661012,Malou Marcetto Rylov,M. Marcetto,2003-04-16,93.66,27.51,19.99,16,15,1,1915.0,127.67,30.2,22.0,2.13,0.2,39.13,24.6,9.73,41.87,99.6,28.07,13.27,1.33,0.73,0.07
662317,Maëlle Lakrar,M. Lakrar,2000-05-27,98.64,27.82,23.65,9,9,0,1126.0,125.11,41.0,40.22,0.56,0.0,1.11,1.56,41.33,12.0,5.67,119.44,1.11,0.11,0.0,0.0
662319,Romane Salvador,R. Salvador,1998-05-09,101.94,21.81,29.91,20,15,5,333.0,22.2,8.87,8.8,0.0,0.0,0.0,0.0,8.87,0.0,0.0,22.2,0.0,0.0,0.0,0.0
667230,Flavine Mawete Musolo,F. Mawete,2000-12-11,93.93,20.28,25.1,10,9,1,835.0,92.78,32.33,16.22,0.78,0.11,28.67,23.56,7.0,41.67,46.33,46.44,11.56,0.89,0.33,0.11
667252,Kamilla Melgård,K. Melgård,2005-12-16,96.95,28.48,21.43,22,20,2,2703.0,135.15,37.2,24.6,2.25,0.4,42.9,18.35,17.2,84.85,41.95,93.2,8.6,0.7,0.35,0.0
751442,Bella Andersson,B. Andersson,2006-07-12,101.12,33.92,19.84,12,12,0,1870.0,155.83,58.42,57.25,0.58,0.0,0.42,2.42,60.0,15.75,5.58,150.25,2.33,0.25,0.17,0.0
798964,Paula Comendador Prado,Paula Comendador,2007-01-12,78.32,28.7,13.29,4,4,0,492.0,123.0,31.25,26.0,3.0,0.5,41.25,18.5,19.75,66.5,50.75,72.25,9.5,0.75,0.25,0.25
798965,María Luisa García Antolín,Marisa Garcia,2006-06-22,87.9,23.96,22.11,8,7,1,720.0,102.86,31.43,16.71,1.43,0.14,39.71,30.43,5.0,26.0,69.43,33.43,10.29,1.86,0.71,0.0
807401,Rebeca Costa da Silva,Rebeca,2005-09-01,101.0,22.05,30.18,15,14,1,907.0,64.79,21.57,20.79,0.14,0.0,0.43,0.57,20.36,21.14,4.71,60.07,0.57,0.0,0.0,0.0
807467,Elsa Maria Gomez Alvarado,E. Gomez,2006-03-19,95.12,16.05,28.95,3,3,0,123.0,41.0,11.33,10.33,0.0,0.0,1.67,1.0,9.67,20.67,8.67,32.33,0.0,0.0,0.0,0.0
807470,Alba Cerrato Izquierdo,Alba Cerrato,2007-01-01,90.05,20.57,30.61,3,3,0,263.0,87.67,29.0,16.33,0.67,0.33,20.33,14.33,7.67,50.33,37.0,50.67,3.67,0.33,0.0,0.0
807472,Elena Vázquez Brandon,Elena Vázquez,2007-10-08,93.38,25.32,21.38,7,5,2,500.0,100.0,32.4,32.0,0.2,0.0,1.2,1.4,33.2,15.0,4.8,95.2,0.4,0.0,0.0,0.0
807482,Silvia Cristóbal Fernández,S. Cristobal,2008-05-01,96.81,30.95,19.92,3,3,0,420.0,140.0,34.0,31.33,0.67,0.0,8.33,2.67,33.33,94.0,26.0,114.0,1.33,0.33,0.0,0.0
807484,Emma Moreno Torres,E. Moreno,2007-05-02,79.68,14.39,27.65,12,11,1,635.0,57.73,15.64,9.55,0.55,0.09,11.27,8.18,5.55,25.27,31.55,26.18,2.0,0.18,0.09,0.0
807487,Aiara Aguirrezabala Azkue,A. Aguirrezabala,2008-10-02,93.98,30.57,21.89,16,14,2,1531.0,109.36,36.21,29.71,1.64,0.29,26.14,10.57,24.86,81.0,18.07,91.29,4.0,0.71,0.29,0.07
807489,Clara Serrajordi Diaz,C. Serrajordi,2007-12-07,78.55,33.52,12.93,11,11,0,2544.0,231.27,76.55,72.82,2.45,0.64,10.27,11.27,57.73,61.45,114.45,116.82,5.09,0.55,0.09,0.0
811253,Mia Asenjo,M. Asenjo,2003-03-07,88.6,17.18,26.92,11,11,0,1032.0,93.82,28.64,13.45,0.36,0.0,27.45,22.64,4.09,25.45,63.09,30.73,9.09,0.36,0.09,0.0
811780,Érika González Lombídez,Érika Gonzalez,2004-08-31,99.41,20.17,28.81,16,14,2,1496.0,106.86,33.79,22.64,2.64,0.14,24.07,13.93,11.21,40.57,72.07,34.79,4.79,0.36,0.21,0.0
811807,Alazne Estensoro Macicior,Alazne Estensoro,2006-06-05,100.77,30.7,24.17,6,3,3,148.0,49.33,21.67,21.33,0.0,0.0,0.0,0.0,22.67,0.0,0.33,49.0,0.0,0.0,0.0,0.0
812657,Mariana Díaz Leal Arrillaga,M. Díaz Leal,1990-05-29,68.7,11.48,21.3,5,4,1,215.0,53.75,18.25,10.0,2.0,0.25,12.5,13.25,4.25,11.25,39.5,14.25,7.0,0.5,0.25,0.0
814051,Sydney Joy Schertenleib,S. Schertenleib,2007-01-30,83.87,34.44,13.63,16,16,0,3256.0,203.5,53.12,46.06,4.19,0.88,37.38,34.62,32.06,64.38,130.44,73.06,21.5,2.5,0.75,0.19
815302,Comfort Yeboah,C. Yeboah,2006-12-17,88.52,17.4,28.93,3,3,0,198.0,66.0,16.0,11.0,0.0,0.0,20.0,4.33,8.67,53.33,3.0,63.0,2.67,0.0,0.0,0.0
816310,Eden Le Guilly,E. Le Guilly,2005-11-25,91.77,16.88,29.2,10,9,1,510.0,56.67,14.56,12.67,0.22,0.0,2.44,1.22,11.67,36.11,7.78,48.89,0.44,0.0,0.0,0.0
818377,Linnéa Solvoll Laupstad,L. Laupstad,2003-07-10,,,,1,0,1,,,,,,,,,,,,,,,,
833011,Milagros Iara Martín,M. Martín,2007-04-26,91.19,19.37,27.88,8,7,1,406.0,58.0,18.14,16.14,0.57,0.14,5.71,1.14,15.43,45.14,5.14,52.86,0.14,0.0,0.0,0.0
836442,Barbara López Gorrado,Barbara López,2005-08-30,67.26,22.67,15.1,1,1,0,97.0,97.0,22.0,11.0,1.0,1.0,36.0,16.0,3.0,15.0,66.0,31.0,6.0,0.0,0.0,0.0
836443,Daniela  Agote Aguirre,Daniela Agote,2006-08-27,96.74,26.96,22.08,15,12,3,1332.0,111.0,27.5,19.0,1.5,0.25,40.67,19.42,10.92,56.33,53.42,57.58,7.33,0.75,0.42,0.0
836445,Aicha Camara,Aicha Camara,2006-12-11,90.98,38.29,13.2,10,10,0,2235.0,223.5,58.7,55.4,2.1,0.4,7.7,15.6,52.3,112.2,16.6,206.9,7.7,1.0,0.3,0.2
836448,IntzaIntza Eguiguren Beraza,Intza Eguiguren,2005-12-29,79.24,26.26,18.27,14,11,3,1219.0,110.82,28.82,19.91,1.82,0.18,35.27,24.18,11.82,43.64,72.64,38.18,12.64,1.55,0.73,0.09
836449,Paula Rubio Peñalver,Paula Rubio,2005-08-28,75.44,10.56,27.85,2,2,0,63.0,31.5,4.5,2.0,0.5,0.0,5.0,5.0,1.0,10.5,27.0,4.5,2.0,0.5,0.5,0.0
839825,Bibiane Schulze-Solano,Bibiane Schulze,1998-11-12,98.39,26.76,24.27,10,9,1,969.0,107.67,43.22,42.11,0.0,0.0,0.22,1.67,42.56,17.56,6.22,101.44,1.44,0.22,0.0,0.0
907615,Dona Scannapieco,D. Scannapieco,2004-06-06,69.0,16.26,18.12,2,2,0,179.0,89.5,19.0,11.0,1.5,0.5,20.5,35.5,4.5,15.5,72.0,17.5,14.5,1.0,0.5,0.0
907727,Andrea Tarazona Brisa,Andrea Tarazona,2004-03-21,103.88,21.42,28.4,7,5,2,129.0,25.8,6.0,6.0,0.0,0.0,0.0,0.0,6.2,0.0,0.0,25.8,0.0,0.0,0.0,0.0
907729,Nahia Aparicio Jaular,Nahia Aparicio,2004-01-07,100.51,31.84,23.34,14,11,3,1527.0,138.82,52.64,51.27,0.36,0.18,0.91,1.82,51.55,33.64,6.55,132.27,1.82,0.0,0.0,0.0
921512,Carlota  Suárez,Carlota Suárez,1997-07-19,78.73,18.66,19.78,9,9,0,816.0,90.67,26.56,13.0,1.67,0.0,22.11,34.0,3.44,20.33,70.67,20.0,16.11,1.67,1.11,0.0
928954,Soledad María Gudelia Belotto Alé,S. Belotto,2003-08-14,104.92,14.37,35.05,11,9,2,122.0,13.56,4.89,4.78,0.0,0.0,0.0,0.0,4.89,0.0,0.0,13.56,0.0,0.0,0.0,0.0
948640,Celya Barclais,C. Barclais,2001-04-17,98.08,26.3,22.07,10,10,0,1106.0,110.6,25.2,20.7,0.2,0.0,15.4,6.1,16.7,71.4,16.0,94.6,1.2,0.1,0.0,0.0
953262,María Miralles,Maria Miralles,1997-05-28,103.1,20.36,31.14,17,16,1,454.0,28.38,12.38,12.12,0.0,0.0,0.0,0.0,12.19,0.0,0.0,28.38,0.0,0.0,0.0,0.0
953263,Eider Arana,Eider Arana,2002-04-11,102.48,26.9,25.95,9,9,0,938.0,104.22,32.22,31.78,0.0,0.0,1.22,1.33,32.44,22.33,6.0,98.22,1.33,0.11,0.0,0.0
953264,Carla Andrés,Carla Andres,2002-12-12,100.71,18.9,32.44,20,17,3,773.0,45.47,14.0,13.41,0.12,0.06,0.35,0.82,13.18,12.71,3.76,41.71,0.76,0.06,0.06,0.06
953265,Estefanía Simona Botero Granda,E. Botero,1995-03-14,102.72,21.42,30.63,12,10,2,645.0,64.5,17.2,16.4,0.2,0.0,1.5,0.5,16.0,17.5,5.6,58.9,0.5,0.1,0.1,0.0
953268,Carolina Marín de la Fuente,Carol Marín,1996-11-27,90.01,17.51,28.27,19,16,3,1146.0,71.62,16.5,12.75,0.81,0.06,10.19,7.62,9.44,19.5,55.06,16.56,1.5,0.25,0.12,0.0
953269,Ángeles  del Álamo Sánchez,Ángeles del Álamo,1998-06-23,69.34,15.59,19.73,5,3,2,253.0,84.33,21.67,9.0,1.33,0.0,18.0,19.67,2.67,18.33,62.67,21.67,7.67,0.33,0.33,0.0
953270,Laia Balleste Sciora,Laia Balleste,1999-02-22,93.79,20.53,26.82,11,7,4,437.0,62.43,21.57,20.43,0.29,0.0,0.57,0.71,20.29,10.57,3.86,58.57,0.57,0.0,0.0,0.0
953271,Mar Torrás de Fortuny,Mar Torrás,1996-04-06,92.69,20.15,25.65,6,5,1,516.0,103.2,24.4,15.2,1.2,0.0,22.2,15.4,7.8,21.6,98.2,5.0,6.8,0.4,0.2,0.0
953272,Júlia Guerra Peiró,Júlia Guerra,2002-01-23,99.05,23.4,26.23,10,9,1,603.0,67.0,18.22,17.11,0.33,0.0,0.44,2.89,16.89,9.78,7.89,59.11,2.0,0.22,0.11,0.0
953273,Iara Lacosta Sánchez,Iara Lacosta,2001-11-08,82.66,15.12,28.13,6,6,0,440.0,73.33,19.83,11.0,0.5,0.17,16.83,15.67,5.67,31.83,37.5,35.83,4.83,0.5,0.17,0.17
953274,Lucia Vallejo Blazquez,Lucia Vallejo,2003-07-10,96.86,21.11,27.72,22,16,6,1150.0,71.88,20.56,18.56,0.69,0.06,4.94,4.25,17.12,43.06,7.31,64.56,1.56,0.12,0.06,0.0
953275,Judit Pablos Garrido,Judit Pablos,1997-12-07,65.53,17.67,19.51,1,1,0,82.0,82.0,15.0,7.0,2.0,0.0,22.0,17.0,4.0,43.0,30.0,52.0,12.0,1.0,1.0,0.0
953279,María Gabaldón Romero,María Gabaldón,2004-12-02,99.23,20.2,29.51,15,11,4,735.0,66.82,18.82,15.0,0.91,0.0,10.45,4.27,12.36,43.73,14.36,52.45,0.82,0.18,0.18,0.0
953280,Esther Sullastres Ayuso,Esther Sullastres,1993-03-20,103.32,22.67,27.76,22,21,1,643.0,30.62,10.76,10.43,0.0,0.0,0.0,0.0,10.86,0.0,0.0,30.62,0.0,0.0,0.0,0.0
953282,Débora  García Mateo,Débora García,1989-10-17,91.87,19.69,24.5,18,17,1,1133.0,66.65,15.59,13.0,0.35,0.12,6.59,0.88,11.76,47.88,4.24,62.41,0.29,0.06,0.0,0.0
953284,Alicia Redondo González,Alicia Redondo,2001-11-02,83.12,18.55,22.64,18,17,1,1392.0,81.88,19.24,16.82,0.53,0.0,7.0,2.82,12.76,29.24,58.88,23.0,0.88,0.06,0.06,0.0
953285,Eva Llamas Hernández,Eva Llamas,1992-05-29,101.98,23.11,27.21,17,16,1,1214.0,75.88,25.5,24.62,0.19,0.0,1.31,1.38,24.5,12.31,9.62,66.25,0.94,0.06,0.0,0.0
953286,Fatoumata Kanteh Cham,Fatou Kanteh,1997-07-02,85.59,19.14,22.77,16,16,0,1301.0,81.31,26.69,15.62,1.69,0.38,23.12,14.62,9.12,37.62,32.44,48.88,5.44,0.19,0.06,0.06
953288,Raquel Morcillo Aparicio,Raquel Morcillo,1999-04-08,96.35,21.85,24.69,18,17,1,1638.0,96.35,25.88,19.88,1.65,0.24,19.59,13.24,12.53,59.59,41.18,55.18,5.53,0.47,0.18,0.06
953289,Alba Lopez Pérez,Alba Lopez,2004-11-11,94.8,27.85,19.55,3,3,0,264.0,88.0,23.33,22.33,1.0,0.0,3.67,3.0,22.0,44.67,9.33,78.67,1.33,0.0,0.0,0.0
953290,Millaray Scarleth Cortés Espinoza,Millaray Cortés,2004-06-30,82.74,18.4,21.3,9,9,0,776.0,86.22,22.44,17.44,1.11,0.0,13.56,7.11,11.67,23.67,74.56,11.67,1.67,0.22,0.0,0.0
953291,Lucia Pardo Méndez,Lucía Pardo,2000-01-05,72.94,27.47,14.85,10,7,3,821.0,117.29,25.86,17.43,2.71,0.29,47.43,30.0,8.71,30.57,92.14,25.14,16.86,1.86,0.71,0.29
953292,Violeta García Quiles,Violeta Quiles,1999-12-10,89.29,21.41,25.42,5,5,0,407.0,81.4,26.4,20.2,1.4,0.4,19.6,10.8,14.8,62.4,16.6,64.8,2.6,0.4,0.0,0.0
953294,Julia Arrula Llorente,Julia Arrula,2006-01-29,102.11,30.87,24.54,17,15,2,874.0,58.27,23.8,23.4,0.0,0.0,0.0,0.0,24.6,0.0,0.0,58.27,0.0,0.0,0.0,0.0
953295,Eva Alonso González,Eva Alonso,2002-07-23,103.0,21.06,30.21,21,17,4,1030.0,60.59,20.41,19.59,0.0,0.0,0.88,2.41,18.88,9.88,11.88,48.71,0.71,0.06,0.0,0.0
953296,María  Molina Molero,María Molina,2000-05-09,95.29,24.52,24.58,6,5,1,490.0,98.0,37.0,35.6,0.6,0.0,2.0,2.4,35.0,28.2,8.0,90.0,1.8,0.4,0.0,0.0
953299,Raiderlin Nazareth Carrasco Vargas,R. Carrasco,2002-06-11,93.75,18.89,28.28,17,14,3,1068.0,76.29,25.43,17.21,1.0,0.07,16.93,11.93,9.36,40.36,35.86,40.43,3.36,0.43,0.21,0.0
953305,Blanca Muñoz,Blanca Muñoz,2005-04-01,89.31,22.18,21.27,9,6,3,622.0,103.67,29.67,25.5,1.17,0.17,14.67,7.67,21.17,62.17,14.83,88.83,2.17,0.33,0.33,0.0
953310,Paola Ulloa,Paola Ulloa,1996-12-26,101.55,29.73,22.09,19,17,2,757.0,44.53,15.59,15.41,0.0,0.0,0.0,0.0,15.82,0.06,0.06,44.47,0.0,0.0,0.0,0.0
953311,Belén de Gracia Ruiz,Belén de Gracia,2004-04-12,105.27,26.65,26.05,4,4,0,164.0,41.0,13.5,13.25,0.0,0.0,0.0,0.0,12.75,0.25,0.25,40.75,0.0,0.0,0.0,0.0
953313,Yerliane Glamar Moreno Hernández,Y. Moreno,2000-10-13,85.38,22.58,21.61,7,6,1,533.0,88.83,21.67,17.33,0.67,0.0,14.0,6.67,10.83,26.0,75.5,13.33,2.33,0.5,0.0,0.0
953314,Cinta Del Mar Rodriguez Costa,Cinta Rodríguez,1999-11-07,99.21,22.06,26.62,12,11,1,698.0,63.45,22.55,21.91,0.36,0.0,1.27,0.73,21.18,23.0,4.09,59.36,0.64,0.09,0.09,0.0
953315,Sandra  Castelló Oliver,Sandra Castelló,1993-08-07,100.55,23.45,29.42,8,7,1,720.0,102.86,25.14,18.71,1.0,0.14,18.0,13.43,10.57,42.43,78.43,24.43,6.0,0.43,0.14,0.0
953316,Claudia  Roldán Blanco,Claudia Blanco,1997-03-11,99.22,23.87,28.21,12,11,1,905.0,82.27,24.64,20.91,1.18,0.36,15.27,5.73,16.91,54.73,18.36,63.91,1.36,0.0,0.0,0.0
953319,María Echezarreta Fernández,María Echezarreta,2001-07-19,103.66,37.62,14.35,1,1,0,57.0,57.0,17.0,17.0,0.0,0.0,0.0,0.0,19.0,0.0,0.0,57.0,0.0,0.0,0.0,0.0
953320,Laura Camino,Laura Camino,2002-04-01,102.42,19.61,31.49,19,17,2,1190.0,70.0,21.82,16.76,1.24,0.06,14.59,6.82,10.76,44.47,21.18,48.82,3.71,0.59,0.18,0.06
953323,Ana Marcos Moral,Anita Marcos,2000-07-09,79.65,24.03,16.98,6,6,0,578.0,96.33,26.0,12.17,1.5,0.17,26.83,39.67,2.67,18.17,69.33,27.0,24.0,2.83,1.5,0.17
953324,Antonia Ignacia Canales Pacheco,A. Canales,2002-10-16,103.41,24.59,24.18,12,12,0,330.0,27.5,9.42,9.42,0.0,0.0,0.0,0.0,9.33,0.0,0.0,27.5,0.0,0.0,0.0,0.0
953329,Nuria Garrote Camúñez,Nuria Garrote,1997-06-10,86.23,21.58,20.04,9,9,0,736.0,81.78,25.78,22.56,0.33,0.0,8.67,3.89,20.33,46.11,18.0,63.78,1.0,0.0,0.0,0.0
953332,Cristina Baudet Lucena,Cristina Baudet,1991-07-08,85.83,18.42,26.67,6,4,2,344.0,86.0,23.0,16.0,1.25,0.25,26.0,9.5,10.25,21.75,70.5,15.5,2.5,0.0,0.0,0.0
953334,Macarena Portales Nieto,Macarena Portales,1998-08-02,79.53,21.02,22.32,4,4,0,411.0,102.75,24.75,18.25,0.75,0.0,33.0,11.5,13.5,63.75,29.5,73.25,2.5,0.5,0.0,0.0
953335,Cristina Cubedo Pitarch,Cristina Cubedo,1999-10-21,98.81,24.78,23.34,17,17,0,1286.0,75.65,27.24,26.35,0.12,0.06,0.18,1.24,26.88,9.12,4.24,71.41,1.06,0.24,0.06,0.0
953336,Elena Julve Pérez,Elena Julve,2000-12-08,95.57,24.08,22.57,18,18,0,1937.0,107.61,32.11,23.94,1.44,0.11,27.72,11.72,15.11,55.72,58.17,49.44,4.61,0.39,0.06,0.0
953337,Itziar Pinillos  Moreno,Itziar Pinillos,2000-09-21,101.08,26.16,23.57,22,22,0,2373.0,107.86,29.23,25.36,1.18,0.14,11.68,6.73,22.0,77.23,14.23,93.64,2.18,0.09,0.09,0.05
953338,Laura Coronado,Laura Coronado,2003-04-06,103.05,20.79,30.88,15,12,3,279.0,23.25,7.17,7.17,0.0,0.0,0.0,0.0,7.42,0.0,0.0,23.25,0.0,0.0,0.0,0.0
953340,Paula Sánchez Tendero,Paula Sánchez,2000-12-25,82.82,21.9,19.32,9,9,0,919.0,102.11,22.56,15.89,0.78,0.0,22.78,21.78,9.22,32.89,75.44,26.67,9.89,0.89,0.33,0.0
953342,Laura Martínez González,Laura Martínez,1999-01-29,90.39,19.68,26.19,10,7,3,649.0,92.71,26.86,20.29,1.43,0.0,18.86,13.57,12.29,35.86,56.86,35.86,5.14,0.29,0.0,0.0
953343,Irina Priscilla Uribe García,Irina Uribe,1998-07-29,95.84,28.06,19.66,11,11,0,1399.0,127.18,36.09,22.73,2.09,0.73,36.36,27.09,12.91,65.45,53.82,73.36,9.55,1.27,0.73,0.18
953344,Nerea Carmona Balsera,Nerea Carmona,2007-01-19,101.78,25.73,26.63,5,5,0,565.0,113.0,37.2,36.6,0.2,0.0,0.0,1.6,36.4,16.0,5.8,107.2,1.4,0.4,0.2,0.0
953345,Samara Ortiz Cruz,S. Ortiz,1997-07-16,100.24,25.1,26.01,16,11,5,1026.0,93.27,22.45,17.73,0.09,0.09,16.36,5.18,14.82,59.45,17.82,75.45,1.0,0.0,0.0,0.0
953346,Raquel García Yagüe,Raquel García,1997-04-22,97.8,24.56,24.83,18,14,4,1291.0,92.21,32.5,30.93,0.36,0.0,2.29,2.79,30.64,10.64,8.0,84.21,1.21,0.0,0.0,0.0
953347,Paula Gutierrez,Paola Gutierrez,2001-03-02,93.09,23.91,23.3,20,16,4,1655.0,103.44,29.62,24.62,1.56,0.25,23.12,10.69,17.06,23.94,83.94,19.5,2.69,0.38,0.25,0.06
953352,Lucía Martínez González,Lucía Martínez,2001-11-27,90.06,22.62,22.5,15,11,4,997.0,90.64,24.55,23.0,0.73,0.09,7.73,1.18,19.0,9.18,61.73,28.91,0.45,0.09,0.09,0.09
953353,Lucía Rivas Moure,Lucia Rivas,2007-08-23,78.52,20.53,17.19,5,4,1,332.0,83.0,24.5,15.0,1.25,0.75,31.0,12.5,9.0,51.5,23.0,60.0,4.25,0.75,0.25,0.25
953354,Yohana  Goméz ,Yohana Goméz,1994-01-20,106.57,28.56,24.62,3,3,0,93.0,31.0,10.0,10.0,0.0,0.0,0.0,0.0,10.0,0.0,0.0,31.0,0.0,0.0,0.0,0.0
953355,Paula  Novo,Paula Novo,2005-04-14,96.56,25.66,24.86,10,10,0,957.0,95.7,26.5,24.3,0.2,0.0,7.7,4.0,23.2,60.3,16.0,79.7,1.1,0.0,0.0,0.0
953356,Paula  Monteagudo,Paula Monteagudo,2002-05-09,99.11,26.78,22.18,6,4,2,436.0,109.0,26.75,20.25,1.25,0.25,16.0,10.0,16.25,80.0,17.5,91.5,3.5,0.0,0.0,0.0
953357,Henar Muiña,Henar Muiña,1999-10-20,79.52,21.26,16.56,5,4,1,328.0,82.0,24.75,22.25,0.0,0.0,9.75,0.25,16.5,14.5,65.5,16.5,0.0,0.0,0.0,0.0
953358,Millene Cabral Vieira,Millene Cabral,1997-11-29,86.24,21.59,22.43,5,4,1,391.0,97.75,30.0,17.0,2.5,0.5,30.75,28.5,4.25,20.5,72.5,25.25,8.5,0.5,0.5,0.0
953359,Ainhoa  Marín,Ainhoa Marín,2001-03-21,100.78,25.75,25.22,21,17,4,1999.0,117.59,41.18,29.06,2.24,0.35,33.18,14.41,19.41,64.53,47.71,69.88,3.82,0.41,0.18,0.06
953362,Paula Fernández Jiménez,Paula Fernández,1999-07-01,94.49,28.16,23.25,21,16,5,1931.0,120.69,37.75,35.81,0.94,0.12,10.69,2.5,30.0,19.69,81.25,39.44,0.56,0.06,0.0,0.0
953364,Naia Landaluze Marquínez,Naia Landaluze,2000-09-25,100.87,26.63,24.43,16,14,2,1476.0,105.43,36.07,35.29,0.21,0.0,0.21,1.71,36.0,20.57,6.43,99.0,1.71,0.14,0.0,0.0
953365,Patricia  Ojeda,Patri Ojeda,1991-03-08,96.32,17.88,29.7,11,9,2,449.0,49.89,13.89,11.78,0.67,0.0,3.56,1.22,10.11,20.33,7.0,42.89,0.33,0.11,0.11,0.0
953367,Maite Valero Elía,Maite Valero,2003-10-05,89.69,22.47,23.98,15,13,2,1290.0,99.23,27.62,23.77,1.0,0.15,16.31,12.08,18.23,34.08,63.46,35.77,5.69,0.92,0.38,0.0
953370,Barbara Crisbelis Martinez Flores,B. Martinez Flores,2003-04-22,102.83,27.71,25.77,2,2,0,171.0,85.5,26.0,23.5,1.0,0.5,7.0,0.5,20.0,13.5,76.5,9.0,1.5,0.0,0.0,0.0
953607,Alba Ruiz Soto,Alba Ruiz,2001-11-11,83.43,23.84,20.26,10,10,0,1035.0,103.5,33.0,30.1,1.3,0.1,14.7,4.4,26.4,75.8,22.9,80.6,1.7,0.1,0.1,0.0
953608,Mireia  Masegur torrent,Mireia Masegur,2002-08-19,96.61,17.88,30.82,18,15,3,575.0,38.33,9.2,8.73,0.2,0.0,1.0,1.07,7.93,2.8,9.33,29.0,0.67,0.13,0.13,0.0
953699,Maitane Vilariño Mendinueta,Maitane Vilariño,2002-06-30,64.14,16.91,18.73,2,2,0,147.0,73.5,20.0,14.0,0.0,0.0,29.0,7.5,7.5,35.5,43.0,30.5,4.0,0.5,0.0,0.0
953700,Leles de los Ángeles Carrión Egido,Leles Carrión,1997-02-22,93.13,22.21,23.87,9,7,2,586.0,83.71,23.14,21.43,0.14,0.0,6.29,1.29,17.71,14.14,54.43,29.29,0.0,0.0,0.0,0.0
953701,Alba Pérez Manrique,Alba Perez,2000-06-18,99.38,24.84,26.4,19,12,7,1015.0,84.58,31.25,30.33,0.33,0.0,0.83,2.33,30.58,19.92,7.08,77.5,1.0,0.17,0.17,0.0
953703,Cristina Postigo Martín,Cristina Postigo,1998-04-27,91.94,23.0,25.8,14,9,5,749.0,83.22,25.89,21.89,0.89,0.0,9.89,5.89,19.56,50.67,16.33,66.89,3.44,0.44,0.0,0.0
953705,Alexia Fernández Díaz,Alexia Fernández,2002-05-28,96.12,25.98,24.91,12,11,1,1248.0,113.45,35.36,32.0,0.91,0.0,9.0,3.55,29.73,78.73,10.64,102.82,1.55,0.0,0.0,0.0
953707,Laura Maria Pérez Martin,Laura Pérez,1998-06-15,91.37,22.93,24.02,20,13,7,1423.0,109.46,38.31,26.31,2.62,0.69,32.54,16.46,19.08,60.77,38.38,71.08,5.46,0.77,0.46,0.23
953708,Laura Requena Sánchez,Lauri Requena,1990-05-25,99.3,24.33,26.38,20,13,7,1576.0,121.23,37.31,29.38,1.54,0.23,26.08,14.38,18.92,36.69,91.69,29.54,5.92,0.77,0.08,0.0
953710,Laura Sánchez Comuñas,Laura Sánchez,2006-05-15,103.02,23.15,29.37,14,10,4,291.0,29.1,5.7,5.6,0.0,0.0,0.0,0.0,5.7,0.0,0.0,29.1,0.0,0.0,0.0,0.0
953711,Amaia Iribarren,Amaia Iribarren,2003-06-06,81.02,14.63,28.42,12,11,1,698.0,63.45,14.91,9.73,0.91,0.0,9.45,11.27,4.91,18.0,58.55,4.91,4.45,0.64,0.18,0.0
953712,Jujuba Cardozo,Jujuba Cardozo,1991-09-06,101.61,24.99,26.75,18,12,6,954.0,79.5,25.17,24.25,0.08,0.0,0.0,1.0,24.67,3.33,3.83,75.67,1.08,0.08,0.0,0.0
953713,Clara  Rodríguez,Clara Rodríguez,2003-02-12,102.15,30.28,25.16,3,1,2,100.0,100.0,32.0,28.0,1.0,0.0,20.0,11.0,24.0,86.0,10.0,90.0,4.0,0.0,0.0,0.0
953714,Isa  Álvarez,Isabel Álvarez,1999-06-12,103.39,23.12,28.0,19,18,1,1358.0,75.44,30.28,29.11,0.5,0.0,0.44,0.83,28.56,18.5,4.33,71.11,0.56,0.06,0.0,0.0
953715,Andrea  Gómez,Andrea Gomez,2003-05-14,87.89,20.57,24.14,10,8,2,810.0,101.25,26.25,17.88,1.5,0.25,26.75,24.25,10.38,28.25,73.62,27.62,6.75,0.25,0.25,0.0
953716,Edna Imade,E. Imade,2000-10-05,102.74,27.06,27.14,9,6,3,650.0,108.33,27.0,10.67,2.17,0.5,29.0,44.17,3.67,13.67,81.67,26.67,24.67,2.83,1.67,0.5
953745,Merle Barth,M. Barth,1994-04-21,100.72,25.77,25.33,18,13,5,1246.0,95.85,35.46,34.46,0.69,0.0,0.92,1.31,34.54,18.08,5.69,90.15,1.23,0.15,0.08,0.0
953746,Rosa Otermin Abella,Rosa Otermin,2000-10-02,73.13,19.88,21.69,4,4,0,313.0,78.25,21.25,17.5,0.5,0.0,20.0,10.75,14.5,52.0,17.75,60.5,5.0,0.0,0.0,0.0
953747,Patricia Larqué Juste,Patricia Larqué,1992-05-02,106.45,33.06,16.81,3,3,0,81.0,27.0,12.0,12.0,0.0,0.0,0.0,0.0,12.67,0.0,0.0,27.0,0.0,0.0,0.0,0.0
953748,Xenia Perez Almiñana,Xenia Perez,2001-10-28,103.66,29.57,23.82,11,10,1,1362.0,136.2,41.1,40.2,1.5,0.1,2.8,2.6,40.0,38.8,13.0,123.2,1.9,0.3,0.2,0.0
953783,Ines Rizo,I. Rizo,2004-11-12,67.17,18.17,12.87,1,1,0,96.0,96.0,20.0,13.0,1.0,0.0,32.0,21.0,5.0,36.0,65.0,31.0,11.0,0.0,0.0,0.0
954047,Fatou Dembele,F. Dembele,2000-11-30,95.35,22.58,24.26,12,12,0,829.0,69.08,22.75,22.0,0.25,0.0,0.5,0.67,22.67,16.5,4.58,64.5,0.83,0.08,0.08,0.0
958272,Zoe Matthews,Z. Matthews,2007-05-25,87.32,13.3,27.32,5,5,0,172.0,34.4,12.2,10.0,0.0,0.0,1.8,2.8,9.4,10.6,10.4,24.0,0.8,0.2,0.0,0.0
969835,Carla Juliá Martínez,Carla Juliá,2006-12-14,87.19,35.83,12.55,7,7,0,1153.0,164.71,42.29,38.57,2.86,0.43,25.43,18.43,35.29,126.86,25.14,139.57,6.57,0.86,0.57,0.14
978182,Sonya Camila  Keefe Navarro,Sonya Keefe,2003-04-11,89.11,21.96,23.91,18,12,6,1254.0,104.5,32.17,18.17,2.0,0.42,31.83,31.17,4.92,21.58,83.5,21.0,13.08,1.67,0.92,0.25
980853,Manoly Baquerizo Córdova,M. Baquerizo,1998-12-15,100.92,24.46,26.93,16,12,4,967.0,80.58,23.08,18.08,0.83,0.17,13.42,10.0,15.5,58.67,11.58,69.0,4.0,0.42,0.08,0.08
980936,Nayluisa Jhaylenny Cáceres Acevedo,N. Cáceres,1999-11-18,104.37,25.48,25.31,12,12,0,413.0,34.42,12.08,11.92,0.0,0.0,0.0,0.0,12.5,0.0,0.0,34.42,0.0,0.0,0.0,0.0
981680,Encarnación Jiménez Navarro,Encarni Jiménez,2001-08-30,89.85,14.83,30.25,15,12,3,677.0,56.42,11.5,8.33,0.42,0.17,7.42,3.92,5.33,13.5,44.08,12.33,1.0,0.0,0.0,0.0
981803,Sara Martín Díaz,Sara Martín,2004-10-06,92.79,17.65,29.64,16,15,1,1301.0,86.73,26.6,13.93,1.27,0.2,23.07,15.6,7.27,37.6,51.2,35.53,4.07,0.4,0.2,0.07
985736,Celia Gómez García Quijada,Celia Gómez,2008-09-29,105.95,37.03,18.28,1,1,0,154.0,154.0,44.0,32.0,3.0,0.0,56.0,51.0,19.0,61.0,69.0,85.0,21.0,0.0,0.0,0.0
985737,Anna Álvarez Llopis,Anna Llopis,2008-01-17,105.16,16.34,41.22,1,1,0,16.0,16.0,1.0,1.0,0.0,0.0,0.0,0.0,1.0,0.0,0.0,16.0,0.0,0.0,0.0,0.0
985742,Julia Torres Echevarría,Julia Torres,2009-01-15,67.77,16.86,22.75,2,2,0,128.0,64.0,19.5,19.0,1.0,0.0,4.5,1.5,17.5,44.0,7.5,56.5,0.0,0.0,0.0,0.0
985789,Irune Dorado Alosete,I. Dorado,2008-03-22,96.01,32.57,17.12,7,7,0,989.0,141.29,36.86,35.57,1.43,0.14,15.14,4.43,30.29,21.86,97.14,44.14,1.0,0.14,0.0,0.0
985791,Elene Gurtubay,E. Gurtubay,2007-10-03,74.46,19.34,18.9,3,3,0,289.0,96.33,27.0,18.67,0.33,0.0,24.33,12.67,14.0,33.33,74.67,21.67,4.0,0.33,0.0,0.0
985977,Sintia Vanesa Cabezas Vanegas,S. Cabezas Vanegas,2006-05-01,82.73,16.75,29.01,4,3,1,206.0,68.67,19.0,11.33,1.0,0.0,22.33,7.0,5.67,43.67,30.0,38.67,0.33,0.0,0.0,0.0
989387,Alimata Bélem,A. Bélem,2004-09-02,99.97,18.51,32.15,22,19,3,987.0,51.95,12.32,11.21,0.21,0.0,2.63,1.68,9.89,11.37,17.37,34.58,0.26,0.0,0.0,0.0
997943,Marta López de Guereñu Arriaga,M. López de Guereñu Arriaga,2003-01-28,67.1,13.71,24.96,2,2,0,88.0,44.0,11.0,9.0,0.5,0.0,4.0,2.0,9.0,28.5,6.5,37.5,0.0,0.0,0.0,0.0
999846,Opa Clement Tukumbuke,O. Tukumbuke,2001-02-14,69.89,13.35,25.46,6,4,2,286.0,71.5,21.0,8.5,0.75,0.0,19.25,8.5,1.25,15.75,51.25,20.25,4.25,0.5,0.5,0.0
1001274,Salome Prat,S. Prat,2002-01-17,89.87,18.91,28.35,8,8,0,671.0,83.88,26.12,14.62,0.88,0.12,21.75,14.0,6.62,35.62,40.0,43.88,4.25,0.62,0.12,0.0
1001491,Paulina Ali,P. Ali,2003-05-04,92.31,21.47,20.28,3,2,1,117.0,58.5,14.5,14.0,0.0,0.0,1.0,0.0,13.5,19.5,2.0,56.5,0.0,0.0,0.0,0.0
1001496,Zipporah Agama,Z. Agama,2005-05-02,77.98,14.27,20.74,1,1,0,59.0,59.0,15.0,6.0,0.0,0.0,17.0,24.0,4.0,6.0,46.0,13.0,4.0,0.0,0.0,0.0
1010289,Lydia Rodríguez Pascual,L. Rodríguez Pascual,2005-12-15,,,,1,0,1,,,,,,,,,,,,,,,,
1017953,Nancy Amoh,N. Amoh,2005-09-18,93.19,18.23,24.14,2,2,0,131.0,65.5,10.5,7.5,1.5,0.0,7.5,6.5,4.5,13.0,56.5,9.0,1.0,0.0,0.0,0.0
1018190,Gio Garbelini,G. Garbelini,2003-06-21,69.13,12.76,29.58,1,1,0,75.0,75.0,19.0,6.0,2.0,0.0,17.0,6.0,4.0,18.0,34.0,41.0,2.0,0.0,0.0,0.0
1025889,Alma Velasco,A. Velasco,2006-04-13,98.65,18.45,31.65,12,9,3,468.0,52.0,15.0,14.0,0.33,0.0,2.0,0.33,13.22,22.44,5.56,46.44,0.44,0.0,0.0,0.0
1025891,Miku Kojima,M. Kojima,1996-08-30,84.82,24.34,21.23,3,2,1,192.0,96.0,23.0,21.5,0.0,0.0,15.0,4.5,18.5,19.0,69.5,26.5,1.0,0.0,0.0,0.0
1025894,Paula Redruello,P. Redruello,2007-01-27,70.11,16.62,18.54,2,1,1,62.0,62.0,18.0,14.0,0.0,0.0,17.0,6.0,11.0,15.0,53.0,9.0,3.0,0.0,0.0,0.0
1025899,Laura Marti,Laura Marti,2003-05-29,101.35,16.4,37.48,3,2,1,40.0,20.0,5.5,5.5,0.0,0.0,0.0,0.0,5.0,0.0,0.0,20.0,0.0,0.0,0.0,0.0
1025903,Marta López,M. López,2003-01-28,84.75,14.8,27.04,2,2,0,107.0,53.5,14.0,12.5,1.0,0.0,2.5,2.0,7.5,39.5,7.0,46.5,0.0,0.0,0.0,0.0
1025907,Nerea  Benito,N. Benito,2004-09-22,86.01,18.01,25.57,3,3,0,159.0,53.0,15.0,12.0,0.0,0.0,4.67,0.33,10.67,43.33,3.33,49.67,0.0,0.0,0.0,0.0
1025908,Iratxe Milagros Perez Gonzalez,Iratxe Perez,2004-05-24,80.66,20.05,19.39,5,5,0,471.0,94.2,26.6,13.8,1.8,0.2,26.4,31.4,4.0,26.8,73.6,20.6,16.0,1.4,0.8,0.0
1025909,Bernadette Amani,B. Amani,1997-09-05,99.9,23.53,24.36,11,11,0,1117.0,101.55,24.45,18.64,2.36,0.27,17.73,12.64,9.36,35.73,88.91,12.64,4.55,0.55,0.27,0.09
1025910,Claudia Iglesias Bicho,C. Bicho,2003-08-30,63.98,24.31,16.11,1,1,0,127.0,127.0,33.0,21.0,3.0,1.0,44.0,38.0,7.0,43.0,108.0,19.0,12.0,3.0,2.0,1.0
1025912,Aithiara  Carballo Cabrera,Aithiara Carballo,1999-05-10,103.28,22.32,23.34,7,7,0,540.0,77.14,20.0,14.57,1.86,0.29,19.0,9.0,13.57,59.86,5.57,71.57,3.86,0.43,0.14,0.0
1025994,Ana Velázquez Jurico,Ana Velázquez,1999-02-05,99.54,15.96,30.68,20,17,3,954.0,56.12,12.0,10.12,0.35,0.06,4.53,0.88,7.35,9.53,47.41,8.71,0.47,0.06,0.06,0.0
1025995,Nuria Martinez Segarra,Nuria Martinez,2003-01-03,100.96,17.62,30.16,9,7,2,337.0,48.14,16.86,15.57,0.0,0.0,0.43,0.71,16.0,13.43,3.86,44.29,0.86,0.29,0.0,0.0
1025996,Judith Caravaca Muñoz,Judith Caravaca,1997-05-05,97.49,13.82,31.56,8,7,1,163.0,23.29,4.86,4.14,0.0,0.0,0.57,1.14,3.71,3.43,5.14,18.14,0.71,0.14,0.0,0.0
1025997,Aitana Zumárraga Garde,Aitana Zumárraga,2001-06-12,99.5,14.45,33.76,14,11,3,484.0,44.0,9.73,7.36,0.45,0.0,3.27,0.55,6.45,26.45,6.45,37.55,0.09,0.0,0.0,0.0
1025998,Astrid Álvarez Navarro,Astrid Álvarez,1992-12-24,99.62,16.66,28.52,13,11,2,603.0,54.82,14.82,9.0,0.73,0.18,10.36,7.91,6.55,33.45,11.55,43.27,2.27,0.36,0.09,0.0
1025999,Alba Santamaría Coleto,Alba Santamaria,1996-01-13,91.86,13.22,30.03,11,11,0,422.0,38.36,10.0,7.64,0.36,0.0,3.27,2.73,5.73,22.55,7.36,31.0,0.45,0.09,0.0,0.0
1026000,Patricia Miñano Zapata,P. Zapata,2005-02-22,76.63,5.66,32.39,1,1,0,27.0,27.0,8.0,2.0,0.0,0.0,3.0,5.0,1.0,7.0,24.0,3.0,1.0,0.0,0.0,0.0
1026001,Carla Castiñeyras Lopez,C. Lopez,2008-10-23,103.64,15.51,33.9,15,15,0,488.0,32.53,9.4,8.53,0.2,0.0,0.2,0.8,7.67,10.13,6.07,26.47,0.47,0.0,0.0,0.0
1026002,Vega Montesinos Berasategui,Vega Montesinos,2003-11-11,88.22,11.12,29.7,5,4,1,184.0,46.0,16.0,6.75,0.25,0.0,6.75,11.5,3.0,17.0,18.25,27.75,4.5,0.0,0.0,0.0
1026003, Marta Gestera Aramburu, . Aramburu,2002-12-20,81.29,14.1,24.25,7,7,0,603.0,86.14,26.71,13.29,1.0,0.14,24.57,23.0,4.71,16.57,63.86,22.29,6.71,0.43,0.14,0.0
1026004,Yiyi Relea,Y. Relea,1997-10-06,86.79,14.32,26.24,18,15,3,1310.0,87.33,23.47,15.07,1.6,0.2,17.2,22.67,9.4,21.2,66.27,21.07,7.33,0.93,0.33,0.07
1026005,Lorena Valderas,Lorena Valderas,1994-02-02,89.34,21.0,26.36,2,2,0,165.0,82.5,20.0,18.0,0.0,0.0,8.0,1.0,16.0,69.5,5.0,77.5,0.0,0.0,0.0,0.0
1026006,Chelsea Ashurst,C. Ashurst,1990-04-22,98.66,21.77,29.55,6,6,0,176.0,29.33,11.0,11.0,0.0,0.0,0.0,0.0,11.17,0.17,0.0,29.33,0.0,0.0,0.0,0.0
1026007,Natalia Cebolla Contamina,Natalia,1999-01-06,103.81,16.62,31.77,5,5,0,200.0,40.0,9.6,9.4,0.0,0.0,0.0,0.8,10.0,2.6,4.2,35.8,1.0,0.0,0.0,0.0
1026008,Sandra Perera García,Sandra Perera,2001-04-11,89.25,19.92,24.79,5,4,1,215.0,53.75,16.25,12.0,0.25,0.0,9.5,3.0,7.0,9.25,45.0,8.75,1.75,0.25,0.0,0.0
1026009,Justina Morcillo,J. Morcillo,2000-08-09,87.9,19.03,27.34,12,12,0,955.0,79.58,21.0,17.42,0.5,0.0,14.83,4.92,13.75,38.67,41.42,38.17,2.25,0.25,0.17,0.0
1026010,Isabel Corte Peláez,Isina Corte,1996-02-14,99.67,21.02,29.06,20,19,1,1754.0,92.32,29.05,20.58,1.32,0.26,19.68,14.68,12.11,30.84,63.74,28.58,4.63,0.42,0.16,0.11
1026011,Marta  Masferrer Cruz,Marta Masferrer,2001-01-01,98.53,20.69,30.26,21,20,1,1126.0,56.3,16.8,15.8,0.1,0.0,1.25,0.95,14.95,9.9,10.45,45.85,0.75,0.0,0.0,0.0
1026012,Iria  Castro Gomez, Iria Castro,2002-01-02,92.64,18.02,31.03,13,13,0,643.0,49.46,16.62,15.0,0.0,0.0,1.54,0.69,14.54,24.31,5.15,44.31,0.54,0.0,0.0,0.0
1026013,Laura Martínez  del Campo,Laura Martínez,2003-09-14,62.76,11.98,21.07,2,1,1,53.0,53.0,13.0,13.0,0.0,0.0,3.0,0.0,8.0,18.0,40.0,13.0,0.0,0.0,0.0,0.0
1026014,Andrea Colomina Marina,Andrea Colomina,2005-12-02,86.72,18.22,26.06,9,9,0,493.0,54.78,17.56,16.78,0.0,0.0,1.0,0.22,16.67,22.44,3.33,51.44,0.33,0.0,0.0,0.0
1028275,Ainhoa Doménech Cedrés,A. Cedrés,,61.26,9.44,18.6,2,1,1,42.0,42.0,16.0,13.0,0.0,0.0,7.0,0.0,10.0,39.0,8.0,34.0,0.0,0.0,0.0,0.0
1028276,Vera Molina,V. Molina,2009-04-24,80.43,24.94,17.14,1,1,0,105.0,105.0,25.0,16.0,3.0,0.0,27.0,27.0,14.0,56.0,36.0,69.0,18.0,1.0,1.0,0.0
1028277,Berta  Doltra Bufill,B. Doltra Bufill,2004-01-14,83.78,17.95,25.31,1,1,0,55.0,55.0,15.0,15.0,1.0,0.0,1.0,1.0,12.0,47.0,3.0,52.0,1.0,1.0,1.0,0.0
1029070,Elena Valej Montañés,Elena Valej,2002-04-17,86.06,14.87,35.92,1,1,0,63.0,63.0,8.0,4.0,0.0,0.0,10.0,0.0,1.0,9.0,57.0,6.0,0.0,0.0,0.0,0.0
1029805,Ariadna Doménech Cedrés,A. Cedrés,,85.97,19.73,21.81,8,4,4,362.0,90.5,20.75,18.5,0.25,0.0,5.5,2.5,15.75,61.0,14.25,76.25,1.0,0.0,0.0,0.0
1030029,Pierina Nunez Cordero,Pierina Nunez,2000-03-13,76.87,13.78,24.84,5,4,1,284.0,71.0,22.75,9.5,0.75,0.0,13.75,25.5,3.5,13.0,49.25,21.75,7.0,0.5,0.25,0.0
1031327,Natalia  Peñalvo Martin,N. Peñalvo Martin,2006-11-23,81.5,26.11,10.85,1,1,0,90.0,90.0,18.0,16.0,0.0,0.0,15.0,1.0,10.0,15.0,75.0,15.0,0.0,0.0,0.0,0.0
1031776,Iris Ashley Santiago,I. Santiago,2007-11-09,84.46,33.19,12.88,4,4,0,427.0,106.75,29.25,17.25,3.5,0.75,28.75,55.5,2.0,10.75,86.0,20.75,32.0,3.5,1.75,0.75
1033195,Martine Trollsås Fenger,M. Fenger,2006-10-09,100.82,42.66,7.45,1,1,0,134.0,134.0,21.0,7.0,3.0,0.0,37.0,77.0,1.0,11.0,121.0,13.0,58.0,3.0,1.0,0.0
1034678,Adela  Rico,A. Rico,2001-07-19,102.54,19.55,32.22,11,10,1,688.0,68.8,14.8,11.9,0.9,0.1,5.8,3.4,9.2,13.5,58.3,10.5,0.5,0.0,0.0,0.0
1036743,Carla Abdon Naval,Carla Naval,2007-02-22,106.47,32.37,17.09,2,2,0,54.0,27.0,9.5,9.5,0.0,0.0,0.0,0.0,10.0,0.0,0.0,27.0,0.0,0.0,0.0,0.0
1060032,Ainhoa Marin Martin,Ainhoa Marin,2001-03-21,107.0,26.18,24.16,2,1,1,98.0,98.0,37.0,24.0,2.0,0.0,17.0,22.0,18.0,53.0,37.0,61.0,1.0,0.0,0.0,0.0
