player_id,player_name,player_short_name,player_birthdate,minutes,minutes_tip,minutes_otip,performance_count,performance_included_count,performance_failed_count,onballengagement_count_total,onballengagement_count,onballengagement_count_directregain,onballengagement_pct_directregain,onballengagement_count_indirectregain,onballengagement_pct_indirectregain,onballengagement_count_directdisruption,onballengagement_pct_directdisruption,onballengagement_count_indirectdisruption,onballengagement_pct_indirectdisruption,onballengagement_count_abovehsr,onballengagement_count_forcedbackward,onballengagement_pct_forcedbackward,onballengagement_count_beatenbymovement,onballengagement_pct_beatenbymovement,onballengagement_count_beatenbypossession,onballengagement_pct_beatenbypossession,onballengagement_count_pressingchain,onballengagement_count_consecutive,onballengagement_count_forwardtrajectory,onballengagement_count_dangeroussituation,onballengagement_count_dangeroussituation_dangermitigated,onballengagement_pct_dangermitigated,onballengagement_count_linebreakaffected,onballengagement_pct_linebreakaffected
22356,Vilde Bøe Risa,V. Bøe Risa,1995-07-13,86.69,24.51,20.42,13,12,1,445.0,37.08,0.75,2.02,7.75,20.9,0.25,0.67,0.92,2.47,1.0,2.0,5.39,0.25,0.68,0.92,2.47,9.08,5.58,9.92,11.58,1.17,4.09,3.5,9.44
22358,Caroline Graham Graham Hansen,C. Graham Hansen,1995-02-18,82.88,33.13,13.27,11,11,0,284.0,25.82,0.73,2.82,5.91,22.89,0.36,1.41,1.82,7.04,2.09,1.27,4.93,0.0,0.0,0.0,0.0,9.55,4.55,9.27,1.64,0.64,4.43,2.36,9.15
22370,Emilie Nautnes,E. Nautnes,1999-01-13,84.39,24.19,19.89,13,12,1,379.0,31.58,0.25,0.79,4.75,15.04,0.17,0.53,1.5,4.75,4.5,1.58,5.01,0.08,0.26,0.08,0.26,14.75,4.83,8.58,1.67,0.42,1.88,2.5,7.92
22430,Sara Däbritz,S. Däbritz,1995-02-15,87.84,28.14,19.87,14,14,0,609.0,43.5,1.07,2.46,6.86,15.76,0.43,0.98,1.57,3.61,2.21,2.79,6.4,0.36,0.82,0.71,1.64,16.14,8.29,13.29,7.71,0.79,3.66,4.0,9.19
22438,Merle Frohms,M. Frohms,1995-01-28,101.44,29.32,25.3,6,6,0,0.0,0.0,0.0,,0.0,,0.0,,0.0,,0.0,0.0,,0.0,,0.0,,0.0,0.0,0.0,0.0,0.0,,0.0,
22441,María Dolores Gallardo Nuñez,Lola Gallardo,1993-06-10,103.55,29.45,24.6,18,16,2,0.0,0.0,0.0,,0.0,,0.0,,0.0,,0.0,0.0,,0.0,,0.0,,0.0,0.0,0.0,0.0,0.0,,0.0,
22444,Irene  Paredes Hernandez,Irene Paredes,1991-07-04,93.22,37.32,15.07,14,14,0,174.0,12.43,1.14,9.2,3.79,30.46,0.14,1.15,0.5,4.02,1.57,0.43,3.45,0.57,4.6,0.5,4.02,2.36,0.43,2.07,4.57,1.07,9.93,0.07,0.57
22448,Marta Torrejón Moya,Marta Torrejon,1990-02-27,99.15,39.03,15.58,12,12,0,162.0,13.5,0.83,6.17,3.5,25.93,0.42,3.09,0.58,4.32,1.17,0.33,2.47,0.17,1.23,0.08,0.62,3.42,0.92,2.67,3.08,0.58,5.21,0.17,1.23
22451,Alexia Putellas Segura,Alexia Putellas,1994-02-04,95.91,38.28,15.17,10,10,0,305.0,30.5,0.9,2.95,6.1,20.0,0.1,0.33,0.9,2.95,0.6,0.9,2.95,0.0,0.0,0.2,0.65,11.2,4.1,12.1,2.0,0.5,3.56,1.4,4.59
22452,Patricia Guijarro Gutiérrez,Patri Guijarro,1998-05-17,92.58,37.44,13.43,6,6,0,168.0,28.0,2.17,7.74,7.83,27.97,0.67,2.38,0.33,1.19,1.5,1.83,6.55,0.0,0.0,0.17,0.6,8.0,4.17,8.67,3.33,0.5,2.95,1.33,4.76
22456,María Pilar León Cebrián,María León,1995-06-13,86.41,33.43,13.53,5,5,0,51.0,10.2,1.0,9.8,3.2,31.37,0.2,1.96,0.4,3.92,1.4,0.2,1.96,0.4,3.92,0.2,1.96,2.8,0.6,3.2,2.4,0.2,2.5,0.0,0.0
22458,Aitana Bonmati Conca,Aitana Bonmati,1998-01-18,96.08,38.44,13.7,6,6,0,136.0,22.67,0.17,0.73,4.67,20.59,0.0,0.0,0.67,2.94,0.33,1.83,8.09,0.0,0.0,0.0,0.0,8.83,3.67,6.83,0.67,0.33,5.85,1.17,5.15
22553,Monica Hickmann Alves,Mônica,1987-04-21,93.43,25.9,22.72,17,16,1,399.0,24.94,1.31,5.26,4.69,18.8,0.5,2.0,1.56,6.27,1.56,0.88,3.51,0.62,2.51,1.06,4.26,4.06,3.5,6.31,11.44,2.25,9.36,0.19,0.75
22633,Caroline Weir,C. Weir,1995-06-20,85.44,25.72,19.55,10,10,0,446.0,44.6,1.1,2.47,6.1,13.68,0.4,0.9,1.3,2.91,2.2,4.6,10.31,0.2,0.45,0.3,0.67,20.1,9.2,14.3,5.8,0.6,2.67,4.7,10.54
22657,Estefanía Romina Banini Ruiz,E. Banini,1990-06-21,83.68,23.01,17.56,15,15,0,625.0,41.67,1.33,3.2,8.6,20.64,0.27,0.64,2.4,5.76,2.33,2.73,6.56,0.0,0.0,0.27,0.64,14.53,7.87,13.53,4.2,0.4,1.03,4.07,9.76
22691,Chika Hirao,C. Hirao,1996-12-31,99.92,32.04,19.63,6,3,3,0.0,0.0,0.0,,0.0,,0.0,,0.0,,0.0,0.0,,0.0,,0.0,,0.0,0.0,0.0,0.0,0.0,,0.0,
42753,Ingrid Filippa Angeldahl,F. Angeldahl,1997-07-14,83.44,25.79,19.38,15,15,0,571.0,38.07,0.8,2.1,4.93,12.96,0.2,0.53,1.07,2.8,2.2,2.87,7.53,0.13,0.35,0.8,2.1,12.87,7.4,10.2,11.07,1.47,5.13,2.93,7.71
52569,Francisca Ramos Ribeiro Nazareth Sousa,Kika Nazareth,2002-11-17,91.15,39.2,13.02,7,7,0,179.0,25.57,1.86,7.26,6.43,25.14,0.0,0.0,1.43,5.59,2.57,1.71,6.7,0.14,0.56,0.14,0.56,11.29,4.43,7.43,1.29,0.29,3.71,1.57,6.14
52573,Dolores Isabel Jacome Silva,Dolores Silva,1991-08-07,95.1,19.9,27.73,16,14,2,915.0,65.36,1.21,1.86,10.14,15.52,0.21,0.33,2.0,3.06,2.36,4.57,6.99,0.29,0.44,1.21,1.86,16.43,12.71,17.0,18.07,2.14,4.2,7.36,11.26
52576,Inês Teixeira Pereira,Inês Pereira,1999-05-26,102.68,25.74,26.18,20,15,5,0.0,0.0,0.0,,0.0,,0.0,,0.0,,0.0,0.0,,0.0,,0.0,,0.0,0.0,0.0,0.0,0.0,,0.0,
52591,Andreia de Jesus Jacinto,Andreia Jacinto,2002-06-08,94.82,28.13,23.74,17,14,3,704.0,50.29,1.79,3.55,9.86,19.6,0.29,0.57,1.43,2.84,3.07,3.5,6.96,0.0,0.0,0.29,0.57,18.5,9.36,14.43,7.21,0.93,2.93,3.86,7.67
59377,Hanna Ulrika Bennison,H. Bennison,2002-10-16,86.0,30.69,15.77,6,6,0,176.0,29.33,0.67,2.27,6.5,22.16,0.17,0.57,1.33,4.54,2.17,2.17,7.38,0.0,0.0,0.17,0.57,8.67,4.5,8.67,4.33,0.17,0.98,2.83,9.66
62393,Giovana Queiroz Costa,Gio Garbelini,2003-06-21,88.52,27.8,17.04,4,4,0,124.0,31.0,0.5,1.61,6.75,21.78,0.5,1.61,1.25,4.03,5.0,1.75,5.64,0.0,0.0,0.25,0.81,11.25,4.0,7.5,2.75,0.0,0.0,3.5,11.29
62477,Ana Vitoria Angelica Kliemaschewsk de Araujo,Ana Vitória,2000-03-06,89.65,29.51,16.73,4,3,1,119.0,39.67,1.67,4.2,9.0,22.69,0.67,1.68,3.67,9.24,3.0,2.33,5.88,0.0,0.0,0.0,0.0,18.67,7.33,11.33,1.33,0.33,2.0,4.0,10.08
62524,Loreta Kullashi,L. Kullashi,1999-05-20,99.02,25.23,24.68,5,5,0,210.0,42.0,0.2,0.48,6.8,16.19,0.0,0.0,3.0,7.14,3.6,4.8,11.43,0.0,0.0,0.2,0.48,12.2,4.6,13.4,4.2,0.2,0.93,3.0,7.14
62532,Catalina Alasia Ongaro,C. Ongaro,2003-03-26,83.0,18.91,25.74,4,4,0,212.0,53.0,1.25,2.36,9.0,16.98,1.0,1.89,1.5,2.83,2.25,4.5,8.49,0.0,0.0,0.0,0.0,21.25,7.5,15.5,6.25,1.25,2.81,7.25,13.68
62575,Daniela Caracas González,D. Caracas,1997-04-25,98.42,21.86,29.43,14,12,2,436.0,36.33,1.08,2.98,7.33,20.18,0.58,1.61,2.08,5.73,3.58,1.75,4.82,0.67,1.83,0.58,1.6,9.75,4.08,11.25,12.17,2.33,7.21,1.25,3.44
62605,Signe Kallesøe Bruun,S. Bruun,1998-04-06,65.87,17.83,16.32,4,4,0,132.0,33.0,0.75,2.27,5.0,15.15,0.0,0.0,1.25,3.79,3.75,1.25,3.79,0.0,0.0,0.25,0.76,20.0,6.25,11.0,0.5,0.0,0.0,4.0,12.12
62703,Hildur Antonsdóttir,H. Antonsdóttir,1995-09-18,95.41,27.18,21.72,19,17,2,623.0,36.65,1.35,3.69,6.47,17.66,0.24,0.64,1.0,2.73,1.59,1.76,4.81,0.29,0.8,0.88,2.41,7.88,6.59,9.47,11.06,2.18,6.66,2.0,5.46
62890,Bárbara Latorre Vinals,Bárbara Latorre,1993-03-14,70.7,16.48,22.62,9,7,2,406.0,58.0,0.86,1.48,5.57,9.61,0.43,0.74,1.57,2.71,4.14,3.0,5.17,0.14,0.25,0.71,1.23,18.71,12.71,15.14,13.86,0.57,1.19,4.43,7.63
62892,María López Valenzuela,Maria Valenzuela,2002-11-26,103.97,28.08,24.72,9,9,0,0.0,0.0,0.0,,0.0,,0.0,,0.0,,0.0,0.0,,0.0,,0.0,,0.0,0.0,0.0,0.0,0.0,,0.0,
62893,Eva María Navarro García,Eva Navarro,2001-01-27,88.35,25.94,22.13,11,11,0,346.0,31.45,2.55,8.09,4.73,15.03,0.18,0.58,1.27,4.05,4.55,1.64,5.2,0.09,0.29,0.55,1.73,8.73,6.18,7.73,8.36,1.09,5.03,1.82,5.78
62895,Ainhoa Vicente Moraza,Ainhoa Moraza,1995-08-20,100.34,30.47,24.1,22,18,4,285.0,15.83,0.5,3.16,3.83,24.21,0.39,2.46,1.0,6.32,1.72,0.72,4.56,0.33,2.11,0.83,5.26,3.17,1.61,2.61,7.0,0.89,6.09,0.44,2.81
62896,Catalina Coll,Cata Coll,2001-04-23,101.33,38.95,16.27,14,14,0,0.0,0.0,0.0,,0.0,,0.0,,0.0,,0.0,0.0,,0.0,,0.0,,0.0,0.0,0.0,0.0,0.0,,0.0,
62898,María de Alharilla Casado Morente,Alharilla Casado,1990-11-13,96.98,19.73,29.74,19,14,5,486.0,34.71,1.71,4.94,6.0,17.28,0.07,0.21,2.14,6.17,2.57,1.64,4.73,0.36,1.03,1.36,3.91,5.71,4.57,9.29,13.86,1.86,6.57,1.86,5.35
63538,Antonia Ronnycleide da Costa Silva,Antônia Silva,1994-04-26,76.42,20.96,17.71,2,2,0,40.0,20.0,0.5,2.5,4.5,22.5,1.0,5.0,1.0,5.0,3.0,0.5,2.5,0.0,0.0,0.0,0.0,6.0,3.5,3.0,5.0,1.0,5.16,0.0,0.0
63571,Daiana Micaela Falfán,D. Falfán,2000-10-14,98.53,19.9,29.99,17,17,0,1098.0,64.59,2.24,3.46,9.94,15.39,0.71,1.09,1.65,2.55,1.53,4.0,6.19,0.18,0.27,0.76,1.18,16.35,12.47,15.47,25.18,3.53,7.37,5.82,9.02
63602,Annelie Leitner,A. Leitner,1996-06-15,96.18,19.19,29.09,18,17,1,721.0,42.41,1.35,3.19,6.06,14.28,0.53,1.25,2.12,4.99,4.41,2.12,4.99,0.47,1.11,0.76,1.8,11.35,7.12,12.94,12.0,2.0,6.06,2.41,5.69
63688,Linda Lizeth Caicedo Alegria,L. Caicedo,2005-02-22,81.85,23.55,20.39,9,9,0,306.0,34.0,1.67,4.9,4.44,13.07,0.22,0.65,1.33,3.92,5.22,1.89,5.56,0.11,0.33,0.33,0.98,13.89,6.11,9.11,4.0,0.44,1.87,3.67,10.78
63731,Klára Cahynová,K. Cahynová,1993-12-20,100.82,29.76,24.74,19,15,4,649.0,43.27,2.33,5.39,7.93,18.34,0.13,0.31,0.93,2.16,2.0,2.53,5.86,0.13,0.31,0.4,0.92,14.53,7.13,12.47,8.93,1.67,4.83,2.8,6.47
63755,Sofie Junge Pedersen,S. Junge Pedersen,1992-04-24,100.15,24.81,22.88,3,3,0,156.0,52.0,2.67,5.13,12.0,23.08,0.0,0.0,1.67,3.2,2.33,3.67,7.05,0.67,1.28,0.67,1.28,13.33,10.0,14.33,16.67,2.33,4.59,3.33,6.41
63763,Sara Rosted Holmgaard,S. Holmgaard,1999-01-28,94.5,30.96,20.13,14,14,0,292.0,20.86,1.57,7.53,2.71,13.01,0.5,2.4,1.64,7.88,1.29,0.57,2.74,0.07,0.34,0.43,2.06,5.64,2.64,5.57,5.21,1.64,10.2,0.86,4.11
63789,Sandie Toletti,S. Toletti,1995-07-13,86.31,26.33,21.15,10,10,0,289.0,28.9,1.4,4.84,5.2,17.99,0.3,1.04,1.0,3.46,1.1,1.6,5.54,0.0,0.0,0.5,1.73,7.5,4.8,8.7,8.5,1.8,7.66,1.4,4.84
63824,Andrea Abigail Alvarez Donis,A. Alvarez,2003-01-13,77.66,16.32,20.68,12,11,1,443.0,40.27,1.64,4.06,5.64,14.0,0.45,1.13,1.91,4.74,4.91,2.82,7.0,0.09,0.23,0.45,1.13,15.27,6.18,12.82,4.82,0.45,1.54,4.27,10.61
63933,Synne Sofie Kinden Jensen,S. Jensen,1996-02-15,86.58,26.57,19.65,14,13,1,417.0,32.08,0.46,1.44,4.77,14.87,0.15,0.48,1.92,5.99,4.23,1.85,5.75,0.0,0.0,0.08,0.24,14.15,5.08,11.0,2.15,0.0,0.0,2.69,8.39
63943,Aldrith Ivana Quintero Humphries,Aldrith Quintero,2002-01-01,104.88,19.0,29.96,10,9,1,304.0,33.78,2.33,6.91,7.0,20.72,0.11,0.33,1.56,4.6,1.78,2.11,6.25,0.44,1.32,1.0,2.96,5.78,4.44,7.0,15.56,3.33,10.76,2.33,6.91
63993,Ewa  Pajor,E. Pajor,1996-12-03,85.84,34.01,14.12,12,12,0,421.0,35.08,0.42,1.19,7.25,20.67,0.25,0.71,1.33,3.8,6.5,1.25,3.56,0.08,0.24,0.08,0.24,21.75,6.75,13.33,0.33,0.0,0.0,1.67,4.75
64092,María Isabel Rodríguez Rivero ,Misa,1999-07-22,102.1,32.98,20.93,17,17,0,0.0,0.0,0.0,,0.0,,0.0,,0.0,,0.0,0.0,,0.0,,0.0,,0.0,0.0,0.0,0.0,0.0,,0.0,
64094,Ona Batlle Pascual,Ona Batlle,1999-06-10,82.21,33.38,13.64,12,12,0,253.0,21.08,1.17,5.53,4.92,23.32,0.25,1.19,1.17,5.53,2.0,0.67,3.16,0.0,0.0,0.5,2.37,6.08,3.42,5.5,3.42,1.17,9.25,0.5,2.37
64095,Laia Aleixandri López,Laia Aleixandri,2000-08-25,91.02,36.02,14.04,8,8,0,125.0,15.62,0.75,4.8,5.12,32.8,0.38,2.4,0.38,2.4,1.88,1.0,6.4,0.12,0.8,0.38,2.4,3.88,1.62,2.75,3.0,0.5,4.79,0.25,1.6
64097,Rosa Márquez Baena,Rosa Márquez,2000-12-22,100.43,23.03,26.35,23,22,1,1265.0,57.5,2.36,4.11,8.64,15.02,0.36,0.63,3.09,5.38,2.95,3.09,5.38,0.23,0.4,0.86,1.5,20.23,10.82,14.91,10.91,1.32,2.79,5.05,8.77
64098,Anna Torroda Ricart,Anna Torrodà,2000-01-21,97.39,22.12,26.68,22,16,6,816.0,51.0,2.38,4.66,9.5,18.63,0.5,0.98,2.62,5.15,1.75,2.62,5.15,0.12,0.25,1.12,2.21,14.88,8.56,11.12,14.44,2.44,5.39,2.75,5.39
64099,Nerea Eizaguirre Lasa,Nerea Eizagirre,2000-01-04,89.61,30.74,18.76,7,5,2,149.0,29.8,0.8,2.69,7.2,24.16,0.0,0.0,1.8,6.04,2.4,1.4,4.7,0.2,0.67,0.2,0.67,13.0,3.2,8.0,2.8,0.2,1.02,2.4,8.05
64100,Claudia Pina Medina,Claudia Pina,2001-08-12,77.75,31.72,12.44,14,14,0,384.0,27.43,0.36,1.3,7.07,25.78,0.43,1.56,1.14,4.17,1.71,1.29,4.69,0.0,0.0,0.07,0.26,11.86,4.57,10.21,1.14,0.14,3.03,1.86,6.77
64102,Amaiur Sarriegi Isasa,Amaiur Sarriegi,2000-12-13,83.92,25.69,17.18,14,12,2,423.0,35.25,0.83,2.36,6.58,18.68,0.17,0.47,2.0,5.67,4.42,1.92,5.44,0.0,0.0,0.17,0.47,16.25,5.5,9.67,1.75,0.42,2.96,2.5,7.09
64103,Alba María Redondo Ferrer,Alba Redondo,1996-08-27,81.19,28.58,17.08,11,11,0,377.0,34.27,0.55,1.59,5.18,15.12,0.27,0.8,1.55,4.51,5.91,2.18,6.37,0.0,0.0,0.0,0.0,18.64,5.91,10.09,1.73,0.09,0.42,2.45,7.16
64105,Athenea del Castillo Belvide,Athenea del Castillo,2000-10-24,89.51,29.69,19.38,13,13,0,559.0,43.0,1.62,3.76,6.23,14.49,0.08,0.18,2.54,5.9,5.46,2.77,6.44,0.0,0.0,0.31,0.72,17.08,10.23,12.46,5.38,0.62,2.15,3.69,8.59
67689,Gemma Font Oliveras,Gemma Font,1999-10-23,100.38,42.63,14.77,8,8,0,0.0,0.0,0.0,,0.0,,0.0,,0.0,,0.0,0.0,,0.0,,0.0,,0.0,0.0,0.0,0.0,0.0,,0.0,
67695,María José Pérez González,María José Pérez,1984-03-19,99.32,14.89,32.57,6,6,0,383.0,63.83,1.0,1.57,8.5,13.31,0.17,0.26,1.33,2.09,5.83,3.83,6.0,0.0,0.0,0.0,0.0,28.83,11.0,18.67,3.67,0.17,0.3,8.5,13.32
67697,Aleksandra Zaremba Kupiec,A. Zaremba,2001-02-19,98.91,22.7,26.2,22,21,1,583.0,27.76,1.48,5.32,4.81,17.32,0.38,1.37,1.38,4.98,2.19,1.86,6.69,0.24,0.86,0.48,1.72,7.38,2.81,10.43,6.29,0.62,2.18,1.9,6.86
67699,Natalia Ramos Álvarez,Natalia Ramos,1999-02-10,101.73,23.68,26.48,23,22,1,1291.0,58.68,2.73,4.65,11.77,20.06,0.5,0.85,2.14,3.64,3.23,3.05,5.19,0.14,0.23,0.95,1.63,16.23,10.68,15.68,15.82,2.36,5.23,4.68,7.98
67700,Patricia Gavira Collado,Patri Gavira,1989-04-26,103.79,23.64,27.52,22,21,1,380.0,18.1,1.24,6.84,4.29,23.68,0.29,1.58,1.0,5.53,1.14,0.29,1.58,0.48,2.63,0.38,2.11,4.24,1.38,5.19,7.67,1.76,11.09,0.14,0.79
67702,Koko Ange Mariette Christelle N'Guessan,A. N'Guessan,1990-11-18,83.77,24.45,17.8,4,4,0,115.0,28.75,0.75,2.61,5.25,18.26,0.75,2.61,2.0,6.96,3.25,2.75,9.57,0.0,0.0,0.0,0.0,11.25,2.75,8.5,0.75,0.0,0.0,4.75,16.52
67705,Paola Hernández Díaz,Paola Hernández,2002-07-25,80.97,19.05,19.78,15,15,0,645.0,43.0,1.53,3.57,8.2,19.07,0.33,0.78,1.47,3.41,3.6,3.47,8.06,0.13,0.31,0.13,0.31,16.27,7.67,13.0,6.6,0.8,2.82,4.47,10.39
68132,Cecilia Marcos Nabal,Cecilia Marcos,2001-11-03,72.83,20.52,19.62,6,3,3,95.0,31.67,1.67,5.26,5.33,16.84,1.0,3.16,2.0,6.31,3.0,0.33,1.05,0.0,0.0,0.33,1.05,5.33,5.33,8.0,9.0,2.33,7.59,1.0,3.16
68133,Emma Ramírez Gorgoso,Emma Ramírez,2002-05-10,70.64,20.19,20.13,9,7,2,248.0,35.43,1.0,2.82,5.14,14.51,0.43,1.21,2.0,5.64,1.71,2.86,8.07,0.29,0.81,0.14,0.4,11.29,6.57,11.14,4.14,0.57,1.86,3.86,10.89
68135,Gemma Gili Giner,Gemma Gili,1994-05-21,88.98,29.34,12.34,1,1,0,24.0,24.0,1.0,4.17,7.0,29.17,0.0,0.0,4.0,16.67,0.0,0.0,0.0,0.0,0.0,1.0,4.17,0.0,3.0,7.0,2.0,0.0,0.0,0.0,0.0
68136,Iris Arnaiz Gil,Iris Arnaiz,1994-05-18,90.66,19.73,24.41,19,18,1,684.0,38.0,1.44,3.8,5.89,15.5,0.11,0.29,1.61,4.24,1.78,2.67,7.02,0.39,1.02,0.89,2.34,8.83,5.11,10.56,12.78,1.89,5.77,2.39,6.29
68138,Maddi Torre Larrañaga,Maddi Torre,1996-03-30,101.12,27.79,23.17,7,5,2,67.0,13.4,0.6,4.48,3.2,23.88,0.2,1.49,1.2,8.95,0.4,0.2,1.49,0.4,2.98,0.4,2.98,2.2,1.2,3.0,7.4,1.4,12.6,0.4,2.98
68140,Gabriela Antonia García Segura,Gaby García,1997-04-02,99.83,28.58,23.53,10,9,1,472.0,52.44,1.44,2.75,9.22,17.58,0.22,0.42,2.0,3.81,3.44,2.56,4.87,0.22,0.42,0.44,0.85,16.22,12.78,13.22,14.11,1.78,4.4,5.22,9.96
68142,Olatz Santana Amado,Olatz Santana,1997-05-08,101.69,24.74,26.76,3,3,0,0.0,0.0,0.0,,0.0,,0.0,,0.0,,0.0,0.0,,0.0,,0.0,,0.0,0.0,0.0,0.0,0.0,,0.0,
68146,Mirari Uria Gabilondo,Mirari Uria,2003-01-01,78.4,26.42,19.28,3,3,0,112.0,37.33,0.33,0.89,5.33,14.28,0.0,0.0,3.0,8.04,6.33,0.67,1.79,0.0,0.0,0.0,0.0,18.33,3.33,8.33,1.33,0.0,0.0,3.0,8.03
68151,Berta Pujadas Boix,Berta Pujadas,2000-04-09,102.12,24.02,26.1,8,8,0,170.0,21.25,1.0,4.71,5.38,25.29,0.12,0.59,1.12,5.29,0.88,0.38,1.76,0.62,2.94,0.5,2.35,3.25,2.5,5.88,11.5,2.5,11.92,0.25,1.18
68154,Esther Martín-Pozuelo Aranda,Esther Martín-Pozuelo,1998-10-08,94.21,21.11,24.08,17,17,0,516.0,30.35,1.65,5.43,6.29,20.74,0.53,1.74,2.0,6.59,2.53,1.0,3.29,0.41,1.36,0.76,2.52,5.88,4.18,6.76,11.24,2.41,8.71,1.12,3.68
68162,Lice Fabiana Chamorro Gómez,L. Chamorro,1998-12-22,97.42,25.26,21.93,18,18,0,694.0,38.56,0.83,2.16,6.78,17.58,0.11,0.29,2.0,5.19,8.17,2.61,6.77,0.0,0.0,0.06,0.14,17.17,6.44,12.17,1.94,0.39,1.57,2.56,6.63
68163,Nerea Nevado Gómez,Nerea Nevado,2001-04-27,99.56,28.69,22.91,17,14,3,396.0,28.29,1.86,6.57,6.93,24.5,0.43,1.51,1.79,6.31,2.21,1.07,3.79,0.93,3.28,1.21,4.29,5.43,3.29,7.57,9.29,2.14,9.18,1.0,3.54
68167,Gema Soliveres Cholbi,Gema Soliveres,2000-11-03,77.93,16.38,20.93,6,3,3,129.0,43.0,0.67,1.55,10.33,24.03,0.0,0.0,3.0,6.98,0.67,2.0,4.65,0.33,0.78,0.67,1.55,11.0,6.33,10.67,10.33,2.33,6.21,5.0,11.63
68169,Sonia García Majarín,Sonia Majarín,2002-12-06,101.46,26.17,22.94,21,21,0,472.0,22.48,1.1,4.87,5.67,25.21,0.29,1.27,0.95,4.24,1.57,0.62,2.75,0.52,2.33,0.57,2.54,4.76,3.14,4.1,10.14,2.57,13.27,0.71,3.18
68175,Vera Martínez Viota,Vera Martínez,1999-09-13,104.16,24.82,26.71,16,13,3,408.0,31.38,1.69,5.39,6.31,20.1,0.38,1.23,2.23,7.11,2.62,0.92,2.94,0.38,1.23,0.85,2.7,5.08,4.54,6.62,14.38,2.62,8.74,1.15,3.68
68176,Garazi Fácila Giralte,Garazi Facila,1999-10-25,101.23,18.91,32.82,20,17,3,785.0,46.18,1.41,3.06,6.76,14.65,1.12,2.42,3.0,6.5,3.18,2.24,4.84,0.65,1.4,1.18,2.55,11.76,7.41,12.88,15.53,2.82,7.04,3.0,6.5
68177,Miku Ito Kojima,M. Kojima,1999-11-06,93.71,22.52,27.18,7,5,2,261.0,52.2,1.4,2.68,7.0,13.41,0.2,0.38,2.0,3.83,0.2,1.4,2.68,0.4,0.77,0.6,1.15,10.4,13.0,13.4,20.2,1.2,2.08,3.2,6.13
68178,Naima García Aguilar,Naima Garcia,1998-06-24,78.43,18.57,22.99,8,6,2,294.0,49.0,1.83,3.74,7.33,14.97,0.0,0.0,1.83,3.74,3.33,3.17,6.46,0.0,0.0,0.0,0.0,24.33,6.67,16.5,3.67,0.5,1.17,5.0,10.2
68183,Ana González,Ana Gonzalez,1995-03-26,84.28,23.22,18.15,16,16,0,532.0,33.25,1.69,5.07,7.12,21.43,0.38,1.13,1.56,4.7,1.5,1.19,3.57,0.44,1.32,0.69,2.07,10.12,5.44,9.19,9.06,2.0,7.82,1.12,3.38
68185,Angela Sosa Martín,Ángela Sosa,1993-01-16,93.15,27.08,20.72,20,18,2,912.0,50.67,1.28,2.52,8.22,16.23,0.61,1.21,2.28,4.49,4.0,3.67,7.24,0.33,0.66,0.78,1.53,16.56,11.06,13.72,10.89,1.17,2.5,4.67,9.21
68189,Paula Perea ,Paula Perea,1996-06-19,83.47,16.8,25.12,6,4,2,129.0,32.25,1.0,3.1,4.25,13.18,0.25,0.78,1.5,4.65,2.0,1.75,5.43,0.75,2.33,1.5,4.65,6.5,3.25,12.75,11.25,1.75,5.93,1.25,3.88
68193,Andrea Medina Martin,Andrea Medina,2004-05-11,98.07,28.04,22.62,18,17,1,402.0,23.65,1.18,4.97,4.06,17.16,0.35,1.49,2.0,8.46,1.82,0.35,1.49,0.35,1.49,0.82,3.48,3.88,3.12,4.29,9.82,1.47,8.01,0.59,2.49
68197,Silvia Lloris Nicolás,Silvia Lloris,2004-05-15,104.34,29.88,23.83,14,13,1,234.0,18.0,1.92,10.68,3.31,18.38,0.62,3.42,1.46,8.12,2.15,0.23,1.28,0.54,2.99,0.85,4.7,2.92,2.0,2.77,8.69,2.0,13.0,0.23,1.28
68200,Leire Baños Indakoetxea,Leire Baños,1996-11-29,78.82,21.31,22.12,10,9,1,272.0,30.22,1.11,3.68,5.56,18.38,0.11,0.37,1.56,5.15,1.11,1.33,4.41,0.56,1.84,0.56,1.84,9.56,4.22,9.33,8.11,1.11,6.67,1.44,4.78
68201,María Méndez Fernández,María Méndez,2001-04-10,102.19,30.46,24.24,13,13,0,192.0,14.77,1.0,6.77,2.85,19.27,0.15,1.04,0.46,3.12,1.38,0.31,2.08,0.23,1.56,0.38,2.6,2.77,1.0,3.23,7.92,1.46,9.72,0.08,0.52
68202,Núria Mendoza Miralles,Núria Mendoza,1995-12-15,99.86,28.33,23.06,21,19,2,370.0,19.47,1.05,5.41,4.11,21.08,0.37,1.89,0.95,4.87,0.84,0.37,1.89,0.58,2.97,0.74,3.78,2.68,2.16,4.95,8.47,1.79,11.94,0.32,1.62
68208,Lucía María Rodríguez Herrero,Lucía Rodríguez,1999-05-24,96.79,29.19,24.15,20,16,4,445.0,27.81,1.62,5.84,5.62,20.22,0.44,1.57,1.5,5.39,1.81,1.12,4.04,0.44,1.57,0.38,1.35,6.88,3.81,7.69,7.06,1.56,6.37,0.75,2.7
68210,Rocío Gálvez Luna,Rocio Galvez,1997-04-15,101.14,33.4,21.06,12,12,0,106.0,8.83,0.67,7.55,2.58,29.25,0.17,1.89,0.42,4.72,0.83,0.08,0.94,0.17,1.89,0.42,4.72,1.25,0.5,2.0,5.58,1.08,13.62,0.08,0.94
68215,Lorena Navarro Domínguez,Lorena Navarro,2000-11-11,84.62,23.15,20.33,11,11,0,408.0,37.09,1.27,3.43,6.73,18.14,0.18,0.49,1.91,5.15,0.45,2.73,7.35,0.27,0.74,0.27,0.74,9.91,4.64,10.73,9.09,1.36,3.74,3.82,10.29
68245,Paula Arana Montes,Paula Arana,2001-11-08,78.37,18.13,21.11,12,8,4,443.0,55.38,1.12,2.03,8.5,15.35,0.38,0.68,1.5,2.71,3.12,3.62,6.55,0.0,0.0,0.5,0.9,21.88,8.88,11.38,7.25,0.62,0.76,5.38,9.71
68246,Irene Oguiza Martínez,Irene Oguiza,2000-01-05,65.46,23.03,13.31,4,3,1,70.0,23.33,2.33,10.0,5.33,22.86,0.0,0.0,1.0,4.29,1.33,1.0,4.29,0.0,0.0,0.0,0.0,7.0,3.33,6.33,3.33,0.33,1.2,1.33,5.71
68249,Ane Azkona,Ane Azkona,1998-07-15,84.22,22.13,21.68,14,11,3,556.0,50.55,1.27,2.52,6.91,13.67,0.27,0.54,3.0,5.93,5.36,1.91,3.78,0.09,0.18,0.09,0.18,22.55,6.64,11.91,4.09,0.36,2.51,4.36,8.63
68261,Adriana Nanclares Romero,Adriana Nanclares,2002-05-09,102.06,27.82,24.88,19,16,3,0.0,0.0,0.0,,0.0,,0.0,,0.0,,0.0,0.0,,0.0,,0.0,,0.0,0.0,0.0,0.0,0.0,,0.0,
68262,Ane Etxezarreta Ayerbe,Ane Etxezarreta,1995-08-24,99.57,18.9,32.14,10,8,2,179.0,22.38,0.5,2.24,4.25,18.99,0.12,0.56,1.38,6.15,1.5,0.75,3.35,0.88,3.91,1.75,7.82,5.0,2.25,5.25,11.62,1.75,7.94,0.5,2.23
68398,Lauren Eduarda Leal Costa,Lauren Leal,2002-09-13,98.63,27.9,22.09,13,12,1,154.0,12.83,0.67,5.2,3.25,25.32,0.08,0.65,0.42,3.25,1.33,0.25,1.95,0.75,5.84,0.58,4.55,1.42,0.92,2.33,7.25,2.25,18.24,0.25,1.95
68399,Yasmim Assis Ribeiro,Yasmim,1996-10-28,83.03,22.77,21.05,6,6,0,189.0,31.5,1.5,4.76,5.0,15.87,0.83,2.65,2.83,9.0,1.33,1.17,3.71,0.33,1.06,3.33,10.58,5.17,5.33,6.33,14.17,2.0,6.62,1.67,5.29
68451,Alices Yannel Correa Santa Cruz,Yannel Correa,1996-09-10,88.75,13.71,28.96,8,7,1,152.0,21.71,1.43,6.58,4.57,21.05,0.29,1.32,1.57,7.24,1.29,0.71,3.29,0.71,3.29,1.57,7.24,2.71,2.57,4.86,14.29,3.29,15.42,0.57,2.63
68457,Ximena Daiana Velazco Nuñez,X. Velazco,1995-07-31,82.75,15.77,29.4,5,5,0,251.0,50.2,2.0,3.98,6.6,13.15,0.2,0.4,2.0,3.98,1.2,2.2,4.38,0.6,1.2,0.6,1.19,6.6,9.4,13.4,22.2,2.0,4.3,3.6,7.17
68468,Esperanza Pizarro Pagalday,E. Pizarro,2001-04-15,93.85,24.36,21.79,12,10,2,418.0,41.8,1.4,3.35,7.2,17.23,0.7,1.67,2.2,5.26,4.5,2.6,6.22,0.3,0.72,0.6,1.44,15.2,7.9,12.9,6.7,1.4,8.55,3.3,7.89
69887,Chantal Hagel,C. Hagel,1998-07-20,86.34,22.77,21.8,5,5,0,196.0,39.2,1.2,3.06,7.6,19.39,0.0,0.0,0.8,2.04,1.4,1.4,3.57,0.2,0.51,0.8,2.04,13.4,7.0,10.6,8.4,0.4,1.17,2.4,6.12
69987,Sarah Jankovska,S. Jankovska,1999-08-13,80.87,18.26,20.96,4,4,0,155.0,38.75,1.75,4.52,8.25,21.29,0.0,0.0,2.0,5.16,2.5,0.5,1.29,0.0,0.0,1.0,2.58,10.25,5.25,8.25,9.5,1.75,4.16,2.0,5.16
69993,Claudia Florentino Vivó,Claudia Florentino,1998-03-10,97.12,27.57,25.71,14,10,4,164.0,16.4,1.1,6.71,3.5,21.34,0.0,0.0,1.0,6.1,2.5,0.2,1.22,1.1,6.71,0.4,2.44,2.5,1.1,3.6,7.5,2.1,14.36,0.2,1.22
70069,Natasa Andonova,N. Andonova,1993-12-04,78.36,24.9,15.26,8,8,0,229.0,28.62,1.0,3.49,5.12,17.9,0.12,0.44,1.0,3.49,0.88,2.12,7.42,0.12,0.44,0.0,0.0,11.12,3.0,10.0,2.0,0.25,1.28,2.5,8.73
70071,Ainhoa Estévez Bascuñán,Ainhoa Bascuñán,2004-02-23,89.5,17.89,28.17,9,7,2,390.0,55.71,1.57,2.82,9.29,16.67,0.43,0.77,2.43,4.36,1.86,3.14,5.64,0.14,0.26,0.43,0.77,14.0,10.29,14.71,16.0,1.57,2.84,5.29,9.49
70124,Estefanía  Lima Díaz,Estefa,1989-05-11,83.36,11.24,28.21,5,5,0,217.0,43.4,0.6,1.38,5.8,13.36,0.6,1.38,1.4,3.23,1.2,2.6,5.99,0.0,0.0,0.4,0.92,12.0,7.0,9.6,11.0,1.0,2.37,4.0,9.22
70126,Belen Martínez Sousa,Belen,1988-11-24,94.33,15.51,28.43,17,15,2,496.0,33.07,0.8,2.42,4.93,14.92,0.27,0.81,2.13,6.45,4.4,1.53,4.64,0.13,0.4,0.6,1.82,9.67,5.0,12.07,4.13,0.33,1.24,2.53,7.66
70128,Ainoa Campo Franco,Ainoa Campo,1996-06-17,99.37,22.59,27.68,21,16,5,1008.0,63.0,3.88,6.15,12.38,19.64,0.06,0.1,2.44,3.87,2.06,3.38,5.36,0.12,0.2,0.75,1.19,18.69,9.56,17.0,14.5,2.81,5.34,4.19,6.65
70130,Elena de Toro Aldaria,Elena de Toro,1997-01-31,103.8,18.71,29.96,11,10,1,0.0,0.0,0.0,,0.0,,0.0,,0.0,,0.0,0.0,,0.0,,0.0,,0.0,0.0,0.0,0.0,0.0,,0.0,
70143,Raquel Pinel Sáez,Raquel Pinel,1994-08-30,97.29,17.27,26.37,7,4,3,204.0,51.0,1.25,2.45,7.0,13.72,0.5,0.98,2.0,3.92,2.5,4.75,9.31,0.0,0.0,0.25,0.49,19.0,4.5,15.0,7.5,1.25,2.28,4.5,8.82
70144,Sheila Guijarro Gómez,Sheila Guijarro,1996-09-26,66.36,17.47,14.06,2,1,1,25.0,25.0,0.0,0.0,6.0,24.0,0.0,0.0,2.0,8.0,6.0,0.0,0.0,0.0,0.0,1.0,4.0,13.0,2.0,5.0,1.0,0.0,0.0,1.0,4.0
70147,Arene Altonaga Echeverria,Arene Altonaga,1993-02-25,87.91,16.89,27.73,17,14,3,926.0,66.14,2.71,4.1,11.14,16.85,0.36,0.54,2.29,3.45,3.79,4.71,7.13,0.21,0.32,0.57,0.86,23.57,11.43,21.86,11.71,0.86,1.36,6.0,9.07
70148,Arola Aparicio Gili,Arola Aparicio,1997-09-24,87.02,31.65,17.98,7,6,1,157.0,26.17,1.0,3.82,4.67,17.83,0.67,2.55,2.17,8.28,2.83,1.17,4.46,0.0,0.0,0.17,0.64,9.5,2.5,9.0,2.17,0.33,1.66,2.33,8.92
70149,Elba Vergés Prats,Elba Vergés,1995-10-24,102.01,22.83,27.78,21,20,1,290.0,14.5,0.8,5.52,3.15,21.72,0.2,1.38,0.6,4.14,0.8,0.4,2.76,0.45,3.1,0.5,3.45,2.45,1.05,3.55,8.2,1.2,8.47,0.65,4.48
70151,María Llompart Pons,María Llompart,2000-10-19,92.54,24.54,20.81,16,16,0,734.0,45.88,1.75,3.81,7.44,16.21,0.69,1.5,2.0,4.36,4.44,3.06,6.68,0.12,0.27,0.25,0.54,16.62,8.06,14.38,6.56,0.81,2.33,3.19,6.95
70161,Ane Campos Andueza,Ane Campos,1999-05-21,72.46,21.99,18.19,6,5,1,227.0,45.4,1.0,2.2,7.8,17.18,0.2,0.44,1.2,2.64,5.2,3.2,7.05,0.0,0.0,0.0,0.0,23.2,9.2,15.8,0.8,0.0,0.0,3.8,8.37
70162,Miriam Rodriguez González,Kuki,1994-11-18,88.36,8.38,34.27,3,2,1,176.0,88.0,2.0,2.27,10.0,11.37,0.5,0.57,4.5,5.11,4.5,4.5,5.12,1.0,1.14,0.5,0.57,19.0,28.0,19.5,47.5,5.5,5.92,10.5,11.93
75104,Paulina Gramaglia,P. Gramaglia,2003-03-21,76.88,19.7,21.21,7,6,1,250.0,41.67,0.17,0.4,6.67,16.0,0.17,0.4,1.33,3.2,3.5,3.17,7.6,0.0,0.0,0.0,0.0,18.67,6.17,11.17,2.5,0.0,0.0,3.33,8.0
95618,Carmen Menayo Montero,Carmen Menayo,1998-04-14,87.59,25.57,20.99,6,5,1,80.0,16.0,0.2,1.25,4.0,25.0,0.0,0.0,0.8,5.0,1.2,0.2,1.25,1.2,7.5,0.6,3.75,1.6,0.8,2.8,8.4,2.0,16.1,0.2,1.25
95619,Carmen Álvarez ,Carmen Alvarez,2003-02-24,83.37,15.72,27.47,14,13,1,531.0,40.85,0.38,0.94,4.38,10.73,0.15,0.38,1.38,3.39,2.92,2.69,6.59,0.0,0.0,0.0,0.0,20.15,4.54,13.15,0.77,0.0,0.0,3.77,9.23
95620,Claudia Iglesias de la Cruz,Claudia Iglesias,2003-08-30,72.78,21.55,14.13,1,1,0,30.0,30.0,1.0,3.33,8.0,26.67,0.0,0.0,1.0,3.33,1.0,1.0,3.33,0.0,0.0,0.0,0.0,9.0,3.0,15.0,2.0,0.0,0.0,2.0,6.67
95622,Sheila García Gómez,Sheila Garcia,1997-03-15,94.82,32.28,17.34,9,9,0,207.0,23.0,3.11,13.53,5.78,25.12,0.22,0.97,1.22,5.31,2.33,0.67,2.9,0.22,0.97,0.33,1.45,5.89,2.33,5.56,5.33,1.11,5.73,0.33,1.45
95624,Ana Franco de la Vega,Ana Franco,1999-06-06,90.14,19.04,26.35,16,12,4,677.0,56.42,0.67,1.18,7.25,12.85,0.42,0.74,2.42,4.28,4.92,4.08,7.24,0.08,0.15,0.17,0.3,23.25,10.5,19.5,3.83,0.42,1.37,4.83,8.57
95628,Noelia Ramos Álvarez,Noelia Ramos,1999-02-10,103.21,22.13,29.45,11,10,1,0.0,0.0,0.0,,0.0,,0.0,,0.0,,0.0,0.0,,0.0,,0.0,,0.0,0.0,0.0,0.0,0.0,,0.0,
95632,María Inmaculada Gabarro Romero,Inma Gabarro,2002-11-05,89.91,21.05,24.11,13,12,1,593.0,49.42,1.17,2.36,7.75,15.68,0.17,0.34,2.42,4.89,4.17,3.33,6.75,0.0,0.0,0.17,0.34,20.08,7.42,11.17,4.08,0.58,1.93,5.5,11.13
95634,Teresa Merida Cañete,Teresa Merida,2002-07-17,100.6,19.78,31.1,20,16,4,282.0,17.62,0.81,4.61,4.62,26.24,0.19,1.06,0.75,4.26,0.69,0.31,1.77,0.88,4.97,0.75,4.26,2.12,1.69,3.5,11.75,2.75,16.95,0.25,1.42
143905,Esmee Brugts,E. Brugts,2003-07-28,85.86,34.81,14.1,14,14,0,278.0,19.86,0.86,4.32,5.29,26.62,0.0,0.0,0.79,3.96,1.86,1.14,5.76,0.29,1.44,0.29,1.44,7.43,2.64,6.93,2.21,0.36,3.52,0.93,4.68
147842,Paula Partido Duran,Paula Partido,2005-03-02,85.41,18.97,24.69,5,5,0,276.0,55.2,1.4,2.54,6.8,12.32,0.2,0.36,2.4,4.35,5.0,2.6,4.71,0.4,0.73,0.2,0.36,15.4,10.6,10.6,14.4,1.0,2.6,7.8,14.13
147843,Meritxell Muñoz,Meritxell Muñoz,2003-06-18,103.97,28.56,21.27,3,2,1,0.0,0.0,0.0,,0.0,,0.0,,0.0,,0.0,0.0,,0.0,,0.0,,0.0,0.0,0.0,0.0,0.0,,0.0,
147844,Ona Baradad Rius,Ona Baradad,2004-04-16,84.15,19.43,23.44,21,15,6,726.0,48.4,0.93,1.93,8.07,16.67,0.47,0.96,2.33,4.82,4.93,4.13,8.54,0.27,0.55,0.6,1.24,19.33,7.6,15.67,5.8,0.6,1.69,4.87,10.05
151716,Ariana Arias Jiménez,Ariana Arias,2003-05-25,74.17,13.83,23.62,7,4,3,161.0,40.25,0.5,1.24,3.25,8.07,0.0,0.0,1.75,4.35,4.0,2.5,6.21,0.25,0.62,0.0,0.0,16.25,3.75,11.25,3.0,0.5,1.8,2.75,6.83
151728,Esther Laborde Cabanillas,Esther Laborde,2004-04-20,80.89,23.82,19.31,10,10,0,393.0,39.3,1.5,3.82,6.9,17.56,0.2,0.51,1.6,4.07,1.9,2.2,5.6,0.1,0.25,0.3,0.76,10.4,7.8,11.2,8.2,1.6,4.84,2.4,6.11
157687,Claire Lavogez,C. Lavogez,1994-06-18,76.28,27.86,16.44,11,8,3,258.0,32.25,0.38,1.16,6.62,20.54,0.0,0.0,2.38,7.37,4.25,2.12,6.59,0.0,0.0,0.0,0.0,14.25,4.38,9.12,1.12,0.38,2.25,2.0,6.2
167402,Salma Paralluelo Ayingono,Salma Paralluelo,2003-11-13,81.68,33.55,13.37,9,9,0,241.0,26.78,0.78,2.9,6.22,23.24,0.11,0.41,1.78,6.64,4.11,1.56,5.81,0.11,0.41,0.0,0.0,15.22,4.0,9.78,0.67,0.11,4.17,1.78,6.64
167449,Naomie Feller,N. Feller,2001-11-06,78.6,23.17,19.08,6,6,0,239.0,39.83,1.33,3.35,4.83,12.13,0.5,1.25,1.83,4.6,5.17,2.0,5.02,0.0,0.0,0.5,1.26,17.33,7.33,13.33,4.67,0.67,2.16,3.5,8.79
167512,Allegra Poljak,A. Poljak,1999-02-05,93.89,26.66,20.78,19,17,2,457.0,26.88,0.94,3.5,3.47,12.91,0.29,1.09,1.76,6.56,1.94,1.53,5.69,0.12,0.44,0.47,1.75,6.76,4.47,9.88,5.06,0.71,2.9,1.41,5.25
169963,Phoenetia Browne,P. Browne,1994-04-22,79.46,18.18,21.57,12,11,1,402.0,36.55,0.36,1.0,5.91,16.17,0.0,0.0,1.27,3.48,5.36,1.64,4.48,0.0,0.0,0.0,0.0,18.64,4.09,11.55,1.0,0.0,0.0,2.64,7.21
185157,Alice Marques,A. Marques,2005-05-04,98.68,22.61,25.23,8,8,0,192.0,24.0,1.0,4.17,4.88,20.31,0.25,1.04,1.5,6.25,2.0,0.62,2.6,0.62,2.6,0.62,2.6,4.62,3.0,6.25,9.88,2.5,11.86,0.25,1.04
185176,Sara Ortega Ruiz,Sara Ortega,2005-02-20,96.55,25.81,24.35,20,17,3,906.0,53.29,1.65,3.09,9.29,17.44,0.53,0.99,3.0,5.63,4.65,3.94,7.4,0.06,0.11,0.71,1.32,17.88,10.71,15.18,7.65,1.24,3.05,5.0,9.38
185177,Marina Artero Moreno,Marina Artero,2005-10-14,93.12,24.42,21.9,5,3,2,38.0,12.67,0.33,2.63,3.67,28.95,0.0,0.0,0.0,0.0,1.33,0.0,0.0,0.33,2.63,1.0,7.9,2.67,2.0,2.33,7.0,1.67,12.5,0.0,0.0
185179,Marina Rivas Jaén,Marina Rivas,2005-07-02,85.43,22.16,22.0,8,7,1,331.0,47.29,1.86,3.93,8.43,17.83,0.57,1.21,1.43,3.02,1.14,2.71,5.74,0.14,0.3,0.86,1.81,10.86,7.29,11.86,14.14,1.71,3.79,3.57,7.55
185181,Sandra Villafañe Serrada,Sandra Villafañe,2005-09-18,102.36,29.31,22.78,22,20,2,453.0,22.65,1.65,7.28,5.15,22.74,0.2,0.88,1.35,5.96,2.3,0.55,2.43,1.05,4.64,0.9,3.97,2.65,2.2,4.65,11.9,3.2,15.03,0.5,2.21
185182,Victoria López Serrano Felix,Vicky López,2006-07-26,88.51,35.74,13.84,13,13,0,358.0,27.54,1.08,3.91,6.62,24.02,0.15,0.56,1.08,3.91,0.85,1.62,5.87,0.0,0.0,0.15,0.56,10.85,4.92,9.0,2.23,0.23,0.41,2.08,7.54
185183,Adriana Ranera Casanovas,Adriana Ranera,2005-07-07,101.03,44.27,16.89,2,2,0,33.0,16.5,1.5,9.09,5.0,30.3,0.5,3.03,0.0,0.0,2.5,0.5,3.03,0.5,3.03,0.0,0.0,3.0,2.0,4.5,7.0,2.0,12.86,0.5,3.03
185184,Eunate Astralaga Aranguren,Eunate Astralaga,2005-11-30,102.26,19.45,31.99,20,18,2,0.0,0.0,0.0,,0.0,,0.0,,0.0,,0.0,0.0,,0.0,,0.0,,0.0,0.0,0.0,0.0,0.0,,0.0,
185185,Jone Amezaga Martinez,Jone Amezaga,2005-01-02,88.22,26.05,19.27,5,4,1,146.0,36.5,0.5,1.37,6.25,17.12,0.75,2.06,2.5,6.85,3.75,1.5,4.11,0.0,0.0,0.0,0.0,11.5,5.5,8.5,3.5,1.0,2.9,2.75,7.54
185190,Olaya Enrique Rodriguez,Olaya Rodriguez,2005-05-10,96.8,24.99,24.17,19,14,5,741.0,52.93,1.21,2.29,9.07,17.14,0.43,0.81,1.71,3.24,2.71,2.71,5.13,0.36,0.67,0.64,1.21,16.36,9.21,14.07,11.93,1.43,3.55,4.71,8.91
185191,Yolanda Sierra ,Yolanda Sierra,2005-01-17,99.4,21.32,32.0,7,5,2,92.0,18.4,0.6,3.26,2.2,11.96,0.2,1.09,0.8,4.35,1.6,1.0,5.43,1.2,6.52,1.2,6.52,2.6,1.6,3.2,10.2,1.8,8.47,0.0,0.0
185192,Lotte Jasmijn Keukelaar,L. Keukelaar,2005-09-25,78.65,25.82,16.19,3,3,0,109.0,36.33,1.0,2.75,6.67,18.35,0.0,0.0,1.67,4.59,2.67,1.0,2.75,0.33,0.92,0.0,0.0,17.67,9.67,14.33,4.0,1.0,5.56,4.0,11.01
185243,Julia Bartel Holgado,Julia Bartel,2004-05-18,85.86,25.95,20.11,14,12,2,504.0,42.0,1.83,4.36,6.67,15.87,0.33,0.79,2.08,4.96,2.0,3.33,7.94,0.17,0.4,0.58,1.39,11.75,6.58,11.83,11.33,1.83,5.38,3.33,7.94
185244,Maite Zubieta Aranbarri,Maite Zubieta,2004-05-28,92.72,24.73,23.57,16,13,3,647.0,49.77,1.92,3.86,8.62,17.31,0.46,0.93,2.23,4.48,1.85,3.23,6.49,0.31,0.62,0.38,0.77,15.38,9.77,12.15,12.92,1.31,3.29,4.23,8.5
185246,Amaia Martínez De la Peña,Amaia Martinez,2004-06-29,101.8,23.87,26.43,8,5,3,135.0,27.0,2.0,7.41,5.6,20.74,0.2,0.74,1.8,6.67,2.0,0.8,2.96,0.4,1.48,0.6,2.22,5.4,2.2,4.4,12.4,2.4,10.08,0.4,1.48
185247,Ariadna Mingueza García,Ari Mingueza,2003-03-22,90.25,24.62,21.26,17,10,7,281.0,28.1,1.0,3.56,4.8,17.08,0.2,0.71,0.9,3.2,0.8,2.5,8.9,0.0,0.0,0.3,1.07,11.1,2.0,6.7,5.2,0.9,3.57,2.3,8.19
185248,Clara Pinedo Castresana,Clara Pinedo,2003-09-09,81.91,23.08,19.66,11,10,1,481.0,48.1,1.8,3.74,9.1,18.92,0.3,0.62,2.1,4.37,3.8,4.3,8.94,0.0,0.0,0.3,0.62,19.5,9.8,15.0,5.2,0.4,1.22,2.9,6.03
185250,Ane Elexpuru Añorga,Ane Elexpuru,2003-05-02,98.68,26.61,24.51,20,18,2,469.0,26.06,0.89,3.41,4.89,18.76,0.39,1.49,1.33,5.12,2.0,1.61,6.18,0.56,2.13,0.56,2.13,6.94,2.78,7.28,6.67,1.94,9.73,0.89,3.41
185251,Lucía Moral Ruiz,Lucía Moral,2004-02-11,82.33,19.7,20.3,6,6,0,287.0,47.83,1.0,2.09,7.0,14.63,0.0,0.0,1.67,3.48,5.5,3.17,6.62,0.17,0.35,0.0,0.0,19.5,8.33,9.0,2.67,0.33,1.12,4.83,10.11
188219,Fiamma Benítez Iannuzzi,Fiamma Iannuzzi,2004-06-19,92.14,26.55,21.06,19,18,1,926.0,51.44,1.94,3.78,7.5,14.58,0.44,0.86,1.78,3.46,2.61,2.5,4.86,0.22,0.43,0.78,1.51,17.61,11.39,14.11,9.56,1.33,3.71,5.0,9.72
188656,Luany Vitória da Silva Rosa,Luany,2003-02-03,92.85,27.19,20.31,16,15,1,554.0,36.93,1.33,3.61,5.6,15.16,0.4,1.08,1.53,4.15,4.8,2.67,7.22,0.13,0.36,0.47,1.26,13.73,6.73,11.13,4.4,0.6,2.06,3.2,8.66
191946,Chinyere Mercy Kalu,C. Kalu,2005-10-23,69.56,15.99,19.2,1,1,0,38.0,38.0,2.0,5.26,6.0,15.79,0.0,0.0,4.0,10.53,2.0,2.0,5.26,0.0,0.0,0.0,0.0,8.0,3.0,10.0,10.0,2.0,5.26,2.0,5.26
407291,Sakina Ouzraoui Diki,S. Ouzraoui Diki,2001-08-29,82.31,19.12,21.47,18,17,1,753.0,44.29,1.24,2.79,7.06,15.94,0.35,0.8,2.06,4.65,5.29,2.94,6.64,0.0,0.0,0.06,0.13,18.59,5.88,14.35,2.41,0.06,0.34,4.41,9.96
661012,Malou Marcetto Rylov,M. Marcetto,2003-04-16,93.66,27.51,19.99,16,15,1,793.0,52.87,1.47,2.78,9.13,17.28,0.73,1.39,1.8,3.41,3.8,4.27,8.07,0.13,0.25,0.27,0.5,19.07,10.47,16.33,6.0,0.87,2.4,5.2,9.84
662317,Maëlle Lakrar,M. Lakrar,2000-05-27,98.64,27.82,23.65,9,9,0,109.0,12.11,0.22,1.83,2.78,22.94,0.11,0.92,0.78,6.42,1.67,0.11,0.92,0.44,3.67,0.56,4.59,2.22,1.56,2.44,6.56,1.33,13.69,0.11,0.92
662319,Romane Salvador,R. Salvador,1998-05-09,101.94,21.81,29.91,20,15,5,0.0,0.0,0.0,,0.0,,0.0,,0.0,,0.0,0.0,,0.0,,0.0,,0.0,0.0,0.0,0.0,0.0,,0.0,
667230,Flavine Mawete Musolo,F. Mawete,2000-12-11,93.93,20.28,25.1,10,9,1,368.0,40.89,0.56,1.36,7.33,17.94,0.0,0.0,2.11,5.16,5.33,1.67,4.07,0.11,0.27,0.11,0.27,19.22,5.0,12.22,4.56,0.44,1.8,4.56,11.14
667252,Kamilla Melgård,K. Melgård,2005-12-16,96.95,28.48,21.43,22,20,2,829.0,41.45,0.8,1.93,7.3,17.61,0.3,0.72,2.3,5.55,3.55,2.55,6.15,0.15,0.36,0.3,0.72,13.55,7.25,13.15,5.85,0.7,2.84,2.8,6.76
751442,Bella Andersson,B. Andersson,2006-07-12,101.12,33.92,19.84,12,12,0,131.0,10.92,0.92,8.4,3.08,28.24,0.25,2.29,0.33,3.05,1.08,0.25,2.29,0.5,4.58,0.5,4.58,1.92,1.25,2.17,4.75,1.42,13.25,0.17,1.53
798964,Paula Comendador Prado,Paula Comendador,2007-01-12,78.32,28.7,13.29,4,4,0,105.0,26.25,0.75,2.86,6.25,23.81,0.25,0.95,1.0,3.81,1.5,3.25,12.38,0.0,0.0,0.25,0.95,9.5,3.25,10.0,2.0,0.25,1.35,1.25,4.76
798965,María Luisa García Antolín,Marisa Garcia,2006-06-22,87.9,23.96,22.11,8,7,1,357.0,51.0,0.86,1.68,8.43,16.53,0.14,0.28,2.43,4.76,6.0,2.71,5.32,0.14,0.28,0.0,0.0,21.43,8.29,14.14,2.29,0.14,0.57,6.14,12.04
807401,Rebeca Costa da Silva,Rebeca,2005-09-01,101.0,22.05,30.18,15,14,1,320.0,22.86,1.57,6.87,5.5,24.06,0.36,1.56,1.29,5.63,1.93,0.64,2.81,0.79,3.44,0.57,2.5,5.0,2.43,6.0,11.5,3.5,16.77,0.57,2.5
807467,Elsa Maria Gomez Alvarado,E. Gomez,2006-03-19,95.12,16.05,28.95,3,3,0,86.0,28.67,1.33,4.65,5.0,17.44,0.0,0.0,2.67,9.3,2.0,0.33,1.16,1.0,3.49,2.33,8.14,5.33,2.0,6.33,14.0,3.33,11.21,0.67,2.33
807470,Alba Cerrato Izquierdo,Alba Cerrato,2007-01-01,90.05,20.57,30.61,3,3,0,230.0,76.67,1.33,1.74,12.67,16.52,0.67,0.87,1.33,1.74,8.67,4.67,6.09,0.33,0.43,1.0,1.3,25.0,16.67,22.33,15.33,1.33,2.55,6.33,8.26
807472,Elena Vázquez Brandon,Elena Vázquez,2007-10-08,93.38,25.32,21.38,7,5,2,78.0,15.6,1.0,6.41,3.4,21.79,0.2,1.28,0.4,2.56,0.4,0.8,5.13,0.0,0.0,0.8,5.13,2.4,1.0,2.8,7.4,1.2,10.16,0.4,2.56
807482,Silvia Cristóbal Fernández,S. Cristobal,2008-05-01,96.81,30.95,19.92,3,3,0,69.0,23.0,1.67,7.25,4.67,20.29,0.33,1.45,1.33,5.8,2.67,0.33,1.45,0.0,0.0,0.67,2.9,4.0,3.67,4.0,5.67,1.67,16.11,1.0,4.35
807484,Emma Moreno Torres,E. Moreno,2007-05-02,79.68,14.39,27.65,12,11,1,766.0,69.64,1.27,1.83,8.82,12.66,0.91,1.31,3.0,4.31,4.55,6.73,9.66,0.18,0.26,0.55,0.78,25.45,16.73,20.0,12.09,1.18,2.48,13.82,19.84
807487,Aiara Aguirrezabala Azkue,A. Aguirrezabala,2008-10-02,93.98,30.57,21.89,16,14,2,398.0,28.43,1.14,4.02,6.07,21.36,0.14,0.5,1.71,6.03,2.79,1.57,5.53,0.0,0.0,0.36,1.26,8.57,3.86,8.93,4.07,0.86,3.8,1.5,5.28
807489,Clara Serrajordi Diaz,C. Serrajordi,2007-12-07,78.55,33.52,12.93,11,11,0,325.0,29.55,1.55,5.23,7.64,25.85,0.18,0.62,0.82,2.77,1.0,1.82,6.15,0.09,0.31,0.36,1.23,10.0,4.09,6.36,3.0,0.45,2.51,0.45,1.54
811253,Mia Asenjo,M. Asenjo,2003-03-07,88.6,17.18,26.92,11,11,0,529.0,48.09,0.45,0.95,5.45,11.34,0.45,0.94,2.45,5.1,5.18,4.0,8.32,0.09,0.19,0.27,0.57,18.09,6.0,12.09,6.82,0.64,3.43,5.91,12.29
811780,Érika González Lombídez,Érika Gonzalez,2004-08-31,99.41,20.17,28.81,16,14,2,821.0,58.64,1.43,2.44,7.57,12.91,0.36,0.61,2.86,4.87,4.71,2.93,4.99,0.0,0.0,0.14,0.24,20.71,9.64,13.86,6.57,0.57,1.25,5.79,9.86
811807,Alazne Estensoro Macicior,Alazne Estensoro,2006-06-05,100.77,30.7,24.17,6,3,3,0.0,0.0,0.0,,0.0,,0.0,,0.0,,0.0,0.0,,0.0,,0.0,,0.0,0.0,0.0,0.0,0.0,,0.0,
812657,Mariana Díaz Leal Arrillaga,M. Díaz Leal,1990-05-29,68.7,11.48,21.3,5,4,1,143.0,35.75,0.5,1.4,5.5,15.38,0.25,0.7,1.5,4.2,3.25,3.75,10.49,0.0,0.0,0.25,0.7,18.75,5.5,12.75,2.25,0.25,0.44,3.25,9.09
814051,Sydney Joy Schertenleib,S. Schertenleib,2007-01-30,83.87,34.44,13.63,16,16,0,462.0,28.88,1.25,4.33,6.75,23.38,0.38,1.3,1.06,3.68,1.75,1.62,5.63,0.0,0.0,0.12,0.43,11.0,4.75,7.94,2.38,0.31,2.63,1.38,4.76
815302,Comfort Yeboah,C. Yeboah,2006-12-17,88.52,17.4,28.93,3,3,0,104.0,34.67,0.33,0.96,3.33,9.61,1.33,3.85,1.33,3.85,2.33,2.0,5.77,0.0,0.0,0.33,0.96,7.67,6.33,11.33,11.0,1.33,2.04,1.67,4.81
816310,Eden Le Guilly,E. Le Guilly,2005-11-25,91.77,16.88,29.2,10,9,1,300.0,33.33,1.78,5.33,6.89,20.67,0.89,2.67,2.33,7.0,2.0,0.22,0.67,0.78,2.33,2.22,6.67,5.44,4.22,9.11,16.22,3.44,12.39,1.33,4.0
818377,Linnéa Solvoll Laupstad,L. Laupstad,2003-07-10,,,,1,0,1,,,,,,,,,,,,,,,,,,,,,,,,,
833011,Milagros Iara Martín,M. Martín,2007-04-26,91.19,19.37,27.88,8,7,1,203.0,29.0,2.14,7.39,5.29,18.22,0.57,1.97,2.57,8.87,1.0,1.14,3.94,0.29,0.99,1.71,5.91,4.57,4.0,7.29,12.57,2.43,8.76,1.29,4.43
836442,Barbara López Gorrado,Barbara López,2005-08-30,67.26,22.67,15.1,1,1,0,49.0,49.0,0.0,0.0,7.0,14.29,0.0,0.0,1.0,2.04,7.0,6.0,12.24,0.0,0.0,0.0,0.0,26.0,12.0,12.0,3.0,0.0,0.0,2.0,4.08
836443,Daniela  Agote Aguirre,Daniela Agote,2006-08-27,96.74,26.96,22.08,15,12,3,567.0,47.25,1.33,2.82,8.0,16.93,0.25,0.53,2.92,6.17,3.08,4.42,9.35,0.0,0.0,0.17,0.35,16.0,7.75,15.17,4.75,0.67,1.66,4.25,8.99
836445,Aicha Camara,Aicha Camara,2006-12-11,90.98,38.29,13.2,10,10,0,142.0,14.2,0.8,5.63,4.4,30.99,0.1,0.7,0.5,3.52,1.4,0.7,4.93,0.2,1.41,0.2,1.41,3.7,1.6,2.9,3.6,0.9,6.37,0.1,0.7
836448,IntzaIntza Eguiguren Beraza,Intza Eguiguren,2005-12-29,79.24,26.26,18.27,14,11,3,514.0,46.73,0.91,1.95,9.09,19.46,0.27,0.58,2.36,5.06,3.91,2.82,6.03,0.09,0.19,0.27,0.58,19.55,9.73,12.82,2.91,0.27,1.28,5.18,11.09
836449,Paula Rubio Peñalver,Paula Rubio,2005-08-28,75.44,10.56,27.85,2,2,0,156.0,78.0,2.5,3.21,6.0,7.7,0.0,0.0,1.5,1.92,3.0,2.5,3.2,1.0,1.28,1.0,1.28,8.5,21.5,14.5,30.5,3.0,4.42,9.0,11.54
839825,Bibiane Schulze-Solano,Bibiane Schulze,1998-11-12,98.39,26.76,24.27,10,9,1,157.0,17.44,0.56,3.18,4.89,28.02,0.22,1.27,1.11,6.37,1.22,0.22,1.28,1.0,5.73,0.56,3.18,3.44,2.56,4.33,9.22,2.0,13.01,0.44,2.55
907615,Dona Scannapieco,D. Scannapieco,2004-06-06,69.0,16.26,18.12,2,2,0,83.0,41.5,0.0,0.0,8.0,19.28,0.0,0.0,1.5,3.61,2.0,2.5,6.02,0.0,0.0,0.5,1.21,23.0,6.5,15.0,2.0,0.0,0.0,3.0,7.23
907727,Andrea Tarazona Brisa,Andrea Tarazona,2004-03-21,103.88,21.42,28.4,7,5,2,0.0,0.0,0.0,,0.0,,0.0,,0.0,,0.0,0.0,,0.0,,0.0,,0.0,0.0,0.0,0.0,0.0,,0.0,
907729,Nahia Aparicio Jaular,Nahia Aparicio,2004-01-07,100.51,31.84,23.34,14,11,3,198.0,18.0,1.64,9.09,5.18,28.79,0.64,3.53,1.0,5.55,2.0,0.55,3.03,0.91,5.05,0.36,2.02,2.45,1.27,3.45,7.82,2.64,17.72,0.18,1.01
921512,Carlota  Suárez,Carlota Suárez,1997-07-19,78.73,18.66,19.78,9,9,0,330.0,36.67,0.56,1.51,4.89,13.33,0.11,0.3,2.22,6.06,4.11,1.78,4.85,0.0,0.0,0.0,0.0,17.89,3.22,11.78,1.0,0.22,0.88,3.56,9.7
928954,Soledad María Gudelia Belotto Alé,S. Belotto,2003-08-14,104.92,14.37,35.05,11,9,2,0.0,0.0,0.0,,0.0,,0.0,,0.0,,0.0,0.0,,0.0,,0.0,,0.0,0.0,0.0,0.0,0.0,,0.0,
948640,Celya Barclais,C. Barclais,2001-04-17,98.08,26.3,22.07,10,10,0,284.0,28.4,1.3,4.58,6.6,23.24,0.6,2.11,1.7,5.98,3.1,1.0,3.52,1.2,4.23,1.0,3.52,5.6,4.0,6.6,9.3,2.1,9.1,1.2,4.23
953262,María Miralles,Maria Miralles,1997-05-28,103.1,20.36,31.14,17,16,1,0.0,0.0,0.0,,0.0,,0.0,,0.0,,0.0,0.0,,0.0,,0.0,,0.0,0.0,0.0,0.0,0.0,,0.0,
953263,Eider Arana,Eider Arana,2002-04-11,102.48,26.9,25.95,9,9,0,155.0,17.22,0.78,4.52,4.44,25.81,0.22,1.29,0.89,5.16,1.89,0.56,3.23,1.0,5.81,1.22,7.1,2.78,1.0,2.0,10.0,1.89,12.25,0.0,0.0
953264,Carla Andrés,Carla Andres,2002-12-12,100.71,18.9,32.44,20,17,3,362.0,21.29,1.18,5.53,4.35,20.44,0.65,3.04,1.53,7.18,2.0,0.29,1.38,1.0,4.7,0.82,3.87,2.0,2.29,3.88,14.76,2.82,13.29,0.41,1.93
953265,Estefanía Simona Botero Granda,E. Botero,1995-03-14,102.72,21.42,30.63,12,10,2,295.0,29.5,1.5,5.08,4.8,16.27,0.0,0.0,1.1,3.73,1.6,0.9,3.05,1.5,5.08,1.4,4.74,5.3,3.9,6.2,14.0,2.4,9.28,0.8,2.71
953268,Carolina Marín de la Fuente,Carol Marín,1996-11-27,90.01,17.51,28.27,19,16,3,929.0,58.06,1.31,2.26,7.94,13.67,0.44,0.75,1.69,2.91,1.12,3.5,6.03,0.25,0.43,1.25,2.15,12.88,9.5,18.62,21.0,2.44,3.99,6.0,10.33
953269,Ángeles  del Álamo Sánchez,Ángeles del Álamo,1998-06-23,69.34,15.59,19.73,5,3,2,179.0,59.67,0.33,0.56,8.67,14.52,0.33,0.56,1.67,2.79,8.33,1.67,2.79,0.0,0.0,0.0,0.0,28.0,10.33,16.67,3.0,0.67,1.41,4.67,7.82
953270,Laia Balleste Sciora,Laia Balleste,1999-02-22,93.79,20.53,26.82,11,7,4,131.0,18.71,2.0,10.69,3.14,16.79,0.43,2.29,1.0,5.34,1.71,0.29,1.53,0.29,1.53,0.86,4.58,4.0,1.57,3.71,9.14,2.43,13.13,0.0,0.0
953271,Mar Torrás de Fortuny,Mar Torrás,1996-04-06,92.69,20.15,25.65,6,5,1,328.0,65.6,3.0,4.57,10.2,15.55,0.4,0.61,2.2,3.35,1.2,4.8,7.32,0.6,0.91,1.0,1.52,22.0,11.6,15.0,14.6,2.2,4.36,7.0,10.67
953272,Júlia Guerra Peiró,Júlia Guerra,2002-01-23,99.05,23.4,26.23,10,9,1,196.0,21.78,1.0,4.59,5.0,22.96,0.0,0.0,0.67,3.06,1.56,1.0,4.59,0.44,2.04,0.44,2.04,5.0,2.67,5.11,10.78,2.89,15.27,0.33,1.53
953273,Iara Lacosta Sánchez,Iara Lacosta,2001-11-08,82.66,15.12,28.13,6,6,0,387.0,64.5,1.17,1.81,9.33,14.47,0.17,0.26,1.5,2.33,3.5,2.83,4.39,0.5,0.77,0.17,0.26,18.67,13.33,17.17,12.5,0.83,1.28,8.17,12.66
953274,Lucia Vallejo Blazquez,Lucia Vallejo,2003-07-10,96.86,21.11,27.72,22,16,6,406.0,25.38,1.25,4.93,4.88,19.21,0.62,2.46,1.69,6.65,1.81,1.06,4.19,0.69,2.71,0.38,1.48,4.94,2.75,6.75,10.12,2.5,11.76,0.88,3.45
953275,Judit Pablos Garrido,Judit Pablos,1997-12-07,65.53,17.67,19.51,1,1,0,38.0,38.0,1.0,2.63,6.0,15.79,0.0,0.0,2.0,5.26,6.0,4.0,10.53,0.0,0.0,0.0,0.0,14.0,4.0,11.0,3.0,0.0,0.0,5.0,13.16
953279,María Gabaldón Romero,María Gabaldón,2004-12-02,99.23,20.2,29.51,15,11,4,494.0,44.91,2.45,5.46,7.18,15.99,0.55,1.21,3.27,7.29,3.27,1.45,3.24,0.64,1.42,2.0,4.45,8.36,7.18,11.09,16.82,3.0,9.05,1.55,3.44
953280,Esther Sullastres Ayuso,Esther Sullastres,1993-03-20,103.32,22.67,27.76,22,21,1,0.0,0.0,0.0,,0.0,,0.0,,0.0,,0.0,0.0,,0.0,,0.0,,0.0,0.0,0.0,0.0,0.0,,0.0,
953282,Débora  García Mateo,Débora García,1989-10-17,91.87,19.69,24.5,18,17,1,443.0,26.06,1.18,4.51,4.53,17.38,0.12,0.45,1.65,6.32,2.29,1.12,4.29,0.53,2.03,0.76,2.94,4.82,3.12,7.71,9.53,1.35,6.08,0.71,2.71
953284,Alicia Redondo González,Alicia Redondo,2001-11-02,83.12,18.55,22.64,18,17,1,865.0,50.88,1.76,3.47,9.06,17.8,0.24,0.46,1.82,3.58,2.06,3.29,6.47,0.29,0.58,0.94,1.85,15.0,9.94,13.59,14.82,2.35,4.9,4.29,8.44
953285,Eva Llamas Hernández,Eva Llamas,1992-05-29,101.98,23.11,27.21,17,16,1,346.0,21.62,1.56,7.23,4.06,18.78,0.25,1.16,1.19,5.49,2.12,0.56,2.6,0.75,3.47,0.38,1.73,2.38,3.25,4.0,12.62,3.44,17.81,0.38,1.73
953286,Fatoumata Kanteh Cham,Fatou Kanteh,1997-07-02,85.59,19.14,22.77,16,16,0,466.0,29.12,0.31,1.07,4.44,15.24,0.19,0.64,1.12,3.86,4.12,2.44,8.37,0.06,0.21,0.31,1.07,9.44,4.25,10.19,4.69,0.31,1.83,2.69,9.23
953288,Raquel Morcillo Aparicio,Raquel Morcillo,1999-04-08,96.35,21.85,24.69,18,17,1,740.0,43.53,2.35,5.41,8.41,19.32,0.53,1.22,2.76,6.35,3.06,2.12,4.87,0.12,0.27,0.76,1.76,12.82,6.71,12.29,8.24,1.35,4.48,2.76,6.35
953289,Alba Lopez Pérez,Alba Lopez,2004-11-11,94.8,27.85,19.55,3,3,0,83.0,27.67,0.33,1.2,3.67,13.25,0.67,2.41,1.33,4.82,2.33,0.33,1.2,0.33,1.2,2.0,7.23,5.0,3.67,5.67,10.0,1.67,5.49,0.33,1.2
953290,Millaray Scarleth Cortés Espinoza,Millaray Cortés,2004-06-30,82.74,18.4,21.3,9,9,0,510.0,56.67,1.78,3.14,8.11,14.31,0.56,0.98,1.33,2.35,3.67,4.44,7.84,0.0,0.0,0.22,0.39,20.56,12.22,14.44,7.0,0.67,1.94,6.33,11.17
953291,Lucia Pardo Méndez,Lucía Pardo,2000-01-05,72.94,27.47,14.85,10,7,3,220.0,31.43,0.43,1.36,6.29,20.0,0.71,2.27,0.86,2.73,2.86,2.29,7.27,0.0,0.0,0.0,0.0,14.29,6.29,8.14,0.86,0.0,0.0,1.57,5.0
953292,Violeta García Quiles,Violeta Quiles,1999-12-10,89.29,21.41,25.42,5,5,0,196.0,39.2,0.6,1.53,8.0,20.41,0.4,1.02,2.0,5.1,1.0,2.2,5.61,0.0,0.0,0.6,1.53,13.0,4.8,17.8,8.0,1.4,8.9,3.2,8.16
953294,Julia Arrula Llorente,Julia Arrula,2006-01-29,102.11,30.87,24.54,17,15,2,0.0,0.0,0.0,,0.0,,0.0,,0.0,,0.0,0.0,,0.0,,0.0,,0.0,0.0,0.0,0.0,0.0,,0.0,
953295,Eva Alonso González,Eva Alonso,2002-07-23,103.0,21.06,30.21,21,17,4,424.0,24.94,1.47,5.9,5.47,21.93,0.29,1.18,1.0,4.01,1.59,0.47,1.89,0.76,3.07,1.29,5.19,2.59,2.76,4.88,14.71,3.59,15.12,0.88,3.54
953296,María  Molina Molero,María Molina,2000-05-09,95.29,24.52,24.58,6,5,1,62.0,12.4,1.4,11.29,4.0,32.26,0.0,0.0,0.2,1.61,0.8,0.2,1.61,0.2,1.61,0.2,1.61,2.2,0.4,2.6,4.8,2.0,19.59,0.0,0.0
953299,Raiderlin Nazareth Carrasco Vargas,R. Carrasco,2002-06-11,93.75,18.89,28.28,17,14,3,730.0,52.14,2.5,4.79,7.57,14.52,1.14,2.19,2.5,4.79,3.93,3.29,6.3,0.29,0.55,1.36,2.6,14.36,9.93,15.71,11.5,1.86,4.9,5.36,10.27
953305,Blanca Muñoz,Blanca Muñoz,2005-04-01,89.31,22.18,21.27,9,6,3,190.0,31.67,0.67,2.11,6.33,20.0,0.83,2.63,1.0,3.16,3.67,1.33,4.21,0.33,1.05,0.83,2.63,7.0,5.0,8.5,8.17,1.0,2.77,1.67,5.26
953310,Paola Ulloa,Paola Ulloa,1996-12-26,101.55,29.73,22.09,19,17,2,0.0,0.0,0.0,,0.0,,0.0,,0.0,,0.0,0.0,,0.0,,0.0,,0.0,0.0,0.0,0.0,0.0,,0.0,
953311,Belén de Gracia Ruiz,Belén de Gracia,2004-04-12,105.27,26.65,26.05,4,4,0,0.0,0.0,0.0,,0.0,,0.0,,0.0,,0.0,0.0,,0.0,,0.0,,0.0,0.0,0.0,0.0,0.0,,0.0,
953313,Yerliane Glamar Moreno Hernández,Y. Moreno,2000-10-13,85.38,22.58,21.61,7,6,1,218.0,36.33,1.5,4.13,6.33,17.43,0.17,0.46,0.67,1.83,1.17,2.0,5.5,0.0,0.0,0.0,0.0,14.17,4.17,10.5,4.33,0.5,1.41,3.67,10.09
953314,Cinta Del Mar Rodriguez Costa,Cinta Rodríguez,1999-11-07,99.21,22.06,26.62,12,11,1,184.0,16.73,0.36,2.17,4.73,28.26,0.55,3.26,0.64,3.8,0.91,0.27,1.63,0.27,1.63,0.91,5.43,1.91,1.45,4.27,9.0,1.73,10.72,0.55,3.26
953315,Sandra  Castelló Oliver,Sandra Castelló,1993-08-07,100.55,23.45,29.42,8,7,1,553.0,79.0,3.0,3.8,14.0,17.72,0.86,1.08,2.14,2.71,1.71,6.0,7.6,0.29,0.36,0.43,0.54,24.0,16.43,19.43,17.14,3.14,4.9,8.0,10.13
953316,Claudia  Roldán Blanco,Claudia Blanco,1997-03-11,99.22,23.87,28.21,12,11,1,386.0,35.09,1.18,3.37,7.82,22.28,0.55,1.55,1.64,4.66,1.36,2.09,5.96,0.64,1.81,0.82,2.33,8.73,3.73,11.64,8.73,0.73,3.17,2.09,5.96
953319,María Echezarreta Fernández,María Echezarreta,2001-07-19,103.66,37.62,14.35,1,1,0,0.0,0.0,0.0,,0.0,,0.0,,0.0,,0.0,0.0,,0.0,,0.0,,0.0,0.0,0.0,0.0,0.0,,0.0,
953320,Laura Camino,Laura Camino,2002-04-01,102.42,19.61,31.49,19,17,2,669.0,39.35,1.65,4.19,7.35,18.68,0.24,0.6,2.12,5.38,2.47,1.71,4.33,0.65,1.64,1.18,2.99,10.24,5.12,8.71,8.82,1.06,3.9,2.12,5.38
953323,Ana Marcos Moral,Anita Marcos,2000-07-09,79.65,24.03,16.98,6,6,0,180.0,30.0,0.17,0.56,5.33,17.78,0.33,1.11,0.67,2.22,3.67,2.33,7.78,0.0,0.0,0.33,1.11,15.83,4.5,8.83,1.17,0.0,0.0,2.0,6.66
953324,Antonia Ignacia Canales Pacheco,A. Canales,2002-10-16,103.41,24.59,24.18,12,12,0,0.0,0.0,0.0,,0.0,,0.0,,0.0,,0.0,0.0,,0.0,,0.0,,0.0,0.0,0.0,0.0,0.0,,0.0,
953329,Nuria Garrote Camúñez,Nuria Garrote,1997-06-10,86.23,21.58,20.04,9,9,0,247.0,27.44,1.0,3.64,5.89,21.46,0.67,2.43,1.67,6.07,1.67,1.44,5.26,0.56,2.02,1.0,3.64,7.11,3.22,6.67,8.22,1.67,7.84,1.0,3.64
953332,Cristina Baudet Lucena,Cristina Baudet,1991-07-08,85.83,18.42,26.67,6,4,2,252.0,63.0,2.0,3.18,7.25,11.51,0.0,0.0,1.5,2.38,2.75,5.25,8.33,0.25,0.4,0.5,0.79,24.0,13.75,17.75,10.75,1.75,3.0,5.5,8.73
953334,Macarena Portales Nieto,Macarena Portales,1998-08-02,79.53,21.02,22.32,4,4,0,169.0,42.25,0.75,1.78,6.0,14.2,0.25,0.59,2.0,4.74,1.25,2.25,5.33,0.25,0.59,0.5,1.18,10.5,8.0,12.0,9.25,0.75,2.34,5.25,12.43
953335,Cristina Cubedo Pitarch,Cristina Cubedo,1999-10-21,98.81,24.78,23.34,17,17,0,272.0,16.0,0.53,3.31,3.71,23.16,0.41,2.57,0.82,5.15,1.0,0.47,2.94,0.29,1.84,0.53,3.31,2.35,1.41,3.06,8.35,1.47,9.71,0.18,1.1
953336,Elena Julve Pérez,Elena Julve,2000-12-08,95.57,24.08,22.57,18,18,0,842.0,46.78,2.17,4.63,6.78,14.49,0.5,1.07,2.39,5.11,2.0,2.89,6.18,0.06,0.12,0.44,0.95,16.61,6.78,13.17,6.22,0.72,1.81,4.11,8.79
953337,Itziar Pinillos  Moreno,Itziar Pinillos,2000-09-21,101.08,26.16,23.57,22,22,0,608.0,27.64,1.32,4.77,5.68,20.56,0.32,1.15,1.91,6.91,1.82,0.77,2.8,0.45,1.64,0.91,3.29,5.36,3.55,6.64,9.73,1.55,5.94,0.82,2.96
953338,Laura Coronado,Laura Coronado,2003-04-06,103.05,20.79,30.88,15,12,3,0.0,0.0,0.0,,0.0,,0.0,,0.0,,0.0,0.0,,0.0,,0.0,,0.0,0.0,0.0,0.0,0.0,,0.0,
953340,Paula Sánchez Tendero,Paula Sánchez,2000-12-25,82.82,21.9,19.32,9,9,0,320.0,35.56,0.67,1.87,6.89,19.38,0.11,0.31,2.44,6.88,1.78,2.44,6.88,0.22,0.63,0.22,0.62,11.78,4.44,11.33,5.0,0.56,1.91,2.67,7.5
953342,Laura Martínez González,Laura Martínez,1999-01-29,90.39,19.68,26.19,10,7,3,410.0,58.57,3.0,5.12,7.71,13.17,0.71,1.22,2.86,4.88,2.29,3.0,5.12,0.43,0.73,0.86,1.46,17.43,10.43,15.86,13.43,1.86,4.99,3.86,6.59
953343,Irina Priscilla Uribe García,Irina Uribe,1998-07-29,95.84,28.06,19.66,11,11,0,401.0,36.45,1.36,3.74,6.09,16.71,0.18,0.5,2.18,5.99,3.64,2.45,6.73,0.09,0.25,0.09,0.25,14.73,6.18,9.82,2.27,0.27,2.1,2.45,6.73
953344,Nerea Carmona Balsera,Nerea Carmona,2007-01-19,101.78,25.73,26.63,5,5,0,115.0,23.0,1.8,7.82,6.4,27.83,0.0,0.0,2.0,8.69,2.0,0.6,2.61,0.6,2.61,1.2,5.22,3.8,1.4,6.8,11.4,1.4,5.92,0.8,3.48
953345,Samara Ortiz Cruz,S. Ortiz,1997-07-16,100.24,25.1,26.01,16,11,5,487.0,44.27,1.91,4.31,6.91,15.61,0.55,1.23,3.45,7.8,2.64,1.55,3.49,0.64,1.44,1.36,3.08,7.82,7.18,12.36,15.82,2.36,5.85,1.55,3.49
953346,Raquel García Yagüe,Raquel García,1997-04-22,97.8,24.56,24.83,18,14,4,273.0,19.5,0.71,3.66,4.07,20.88,0.29,1.47,1.14,5.86,1.93,0.5,2.57,0.79,4.03,1.64,8.43,1.93,2.29,3.14,11.36,2.43,13.04,0.43,2.2
953347,Paula Gutierrez,Paola Gutierrez,2001-03-02,93.09,23.91,23.3,20,16,4,754.0,47.12,1.44,3.05,7.62,16.18,0.44,0.93,1.81,3.85,1.62,3.0,6.37,0.31,0.66,0.69,1.46,12.5,9.38,12.69,13.19,1.75,4.87,3.81,8.09
953352,Lucía Martínez González,Lucía Martínez,2001-11-27,90.06,22.62,22.5,15,11,4,427.0,38.82,1.45,3.75,8.0,20.61,0.0,0.0,1.09,2.81,1.91,1.36,3.51,0.18,0.47,0.73,1.87,9.0,6.27,11.18,13.55,1.64,4.56,2.91,7.49
953353,Lucía Rivas Moure,Lucia Rivas,2007-08-23,78.52,20.53,17.19,5,4,1,142.0,35.5,1.5,4.23,6.75,19.01,0.75,2.11,2.25,6.34,4.25,3.5,9.86,0.5,1.41,0.25,0.7,12.75,7.25,13.75,3.25,0.75,2.11,3.25,9.16
953354,Yohana  Goméz ,Yohana Goméz,1994-01-20,106.57,28.56,24.62,3,3,0,0.0,0.0,0.0,,0.0,,0.0,,0.0,,0.0,0.0,,0.0,,0.0,,0.0,0.0,0.0,0.0,0.0,,0.0,
953355,Paula  Novo,Paula Novo,2005-04-14,96.56,25.66,24.86,10,10,0,356.0,35.6,2.1,5.9,6.6,18.54,0.8,2.25,2.0,5.62,1.7,1.5,4.21,0.7,1.97,1.6,4.49,7.1,5.0,10.7,12.0,2.1,8.14,1.5,4.21
953356,Paula  Monteagudo,Paula Monteagudo,2002-05-09,99.11,26.78,22.18,6,4,2,141.0,35.25,0.5,1.42,8.0,22.69,1.0,2.84,1.5,4.25,3.5,2.0,5.67,0.0,0.0,0.5,1.42,6.5,6.0,11.5,9.5,1.75,4.99,1.5,4.26
953357,Henar Muiña,Henar Muiña,1999-10-20,79.52,21.26,16.56,5,4,1,155.0,38.75,2.25,5.81,7.25,18.71,0.75,1.93,1.5,3.87,2.5,1.25,3.22,0.25,0.64,0.75,1.94,8.75,5.5,10.25,8.75,2.0,5.31,2.0,5.16
953358,Millene Cabral Vieira,Millene Cabral,1997-11-29,86.24,21.59,22.43,5,4,1,134.0,33.5,0.5,1.49,6.5,19.4,0.0,0.0,1.25,3.73,2.75,1.5,4.48,0.0,0.0,0.0,0.0,11.75,3.25,7.25,2.5,0.0,0.0,2.5,7.46
953359,Ainhoa  Marín,Ainhoa Marín,2001-03-21,100.78,25.75,25.22,21,17,4,818.0,48.12,2.0,4.16,7.94,16.5,0.47,0.98,1.94,4.03,6.76,3.24,6.72,0.0,0.0,0.29,0.61,15.53,8.0,14.71,6.59,0.76,2.14,5.71,11.86
953362,Paula Fernández Jiménez,Paula Fernández,1999-07-01,94.49,28.16,23.25,21,16,5,790.0,49.38,2.19,4.43,10.06,20.38,0.69,1.39,1.94,3.92,1.69,2.62,5.32,0.12,0.25,0.94,1.9,16.31,9.62,14.56,9.62,1.19,3.06,3.0,6.08
953364,Naia Landaluze Marquínez,Naia Landaluze,2000-09-25,100.87,26.63,24.43,16,14,2,242.0,17.29,0.43,2.48,3.93,22.73,0.07,0.41,0.93,5.37,1.93,0.36,2.07,0.79,4.54,1.5,8.68,2.79,1.71,2.71,8.79,1.29,9.15,0.14,0.83
953365,Patricia  Ojeda,Patri Ojeda,1991-03-08,96.32,17.88,29.7,11,9,2,267.0,29.67,1.22,4.12,5.78,19.48,1.33,4.49,1.11,3.75,2.67,0.78,2.62,0.33,1.12,0.67,2.25,5.89,4.56,6.78,13.22,2.67,9.47,0.78,2.62
953367,Maite Valero Elía,Maite Valero,2003-10-05,89.69,22.47,23.98,15,13,2,686.0,52.77,1.77,3.35,8.54,16.18,0.15,0.29,1.85,3.5,1.38,3.69,7.0,0.23,0.44,0.46,0.87,19.46,10.15,14.85,10.23,1.62,3.99,4.31,8.16
953370,Barbara Crisbelis Martinez Flores,B. Martinez Flores,2003-04-22,102.83,27.71,25.77,2,2,0,111.0,55.5,2.0,3.61,8.5,15.31,1.0,1.8,1.0,1.8,1.0,6.5,11.71,0.5,0.9,0.5,0.9,22.5,7.5,18.5,9.5,1.0,3.16,6.5,11.71
953607,Alba Ruiz Soto,Alba Ruiz,2001-11-11,83.43,23.84,20.26,10,10,0,330.0,33.0,1.8,5.45,5.9,17.88,0.4,1.21,2.2,6.67,2.1,1.5,4.54,0.2,0.61,0.3,0.91,6.9,4.2,10.8,8.2,1.0,4.68,1.4,4.24
953608,Mireia  Masegur torrent,Mireia Masegur,2002-08-19,96.61,17.88,30.82,18,15,3,308.0,20.53,1.0,4.87,5.0,24.35,0.27,1.3,0.67,3.25,1.2,0.53,2.6,0.47,2.27,0.47,2.27,3.73,2.6,6.8,12.13,2.6,14.44,0.4,1.95
953699,Maitane Vilariño Mendinueta,Maitane Vilariño,2002-06-30,64.14,16.91,18.73,2,2,0,92.0,46.0,0.0,0.0,4.5,9.78,0.5,1.09,3.0,6.52,2.0,6.0,13.05,0.0,0.0,0.5,1.09,17.0,10.0,14.5,6.5,0.0,1.43,7.0,15.22
953700,Leles de los Ángeles Carrión Egido,Leles Carrión,1997-02-22,93.13,22.21,23.87,9,7,2,248.0,35.43,1.29,3.63,6.0,16.94,0.14,0.4,2.0,5.65,2.0,1.71,4.84,0.14,0.4,0.43,1.21,8.29,3.29,8.14,12.86,1.57,5.11,2.0,5.65
953701,Alba Pérez Manrique,Alba Perez,2000-06-18,99.38,24.84,26.4,19,12,7,235.0,19.58,1.0,5.11,4.08,20.85,0.33,1.7,1.33,6.81,1.75,0.33,1.7,0.58,2.98,1.17,5.96,2.42,1.58,4.75,9.92,1.92,10.56,0.42,2.13
953703,Cristina Postigo Martín,Cristina Postigo,1998-04-27,91.94,23.0,25.8,14,9,5,250.0,27.78,0.56,2.0,6.56,23.6,0.67,2.4,1.33,4.8,1.44,1.0,3.6,0.67,2.4,1.11,4.0,3.89,2.89,6.22,10.44,1.67,5.94,1.44,5.2
953705,Alexia Fernández Díaz,Alexia Fernández,2002-05-28,96.12,25.98,24.91,12,11,1,303.0,27.55,1.73,6.27,6.09,22.11,0.55,1.98,1.36,4.95,3.64,1.09,3.96,0.73,2.64,1.0,3.63,4.82,3.55,7.36,11.0,2.0,7.98,0.55,1.98
953707,Laura Maria Pérez Martin,Laura Pérez,1998-06-15,91.37,22.93,24.02,20,13,7,533.0,41.0,1.62,3.94,5.31,12.95,0.38,0.94,1.31,3.19,6.77,1.46,3.56,0.08,0.19,0.77,1.88,13.31,6.38,13.54,6.62,0.62,2.85,4.0,9.76
953708,Laura Requena Sánchez,Lauri Requena,1990-05-25,99.3,24.33,26.38,20,13,7,684.0,52.62,1.77,3.36,8.77,16.67,0.15,0.29,1.92,3.66,4.69,3.08,5.85,0.15,0.29,0.38,0.73,18.0,9.08,14.69,11.77,1.31,3.49,5.62,10.67
953710,Laura Sánchez Comuñas,Laura Sánchez,2006-05-15,103.02,23.15,29.37,14,10,4,0.0,0.0,0.0,,0.0,,0.0,,0.0,,0.0,0.0,,0.0,,0.0,,0.0,0.0,0.0,0.0,0.0,,0.0,
953711,Amaia Iribarren,Amaia Iribarren,2003-06-06,81.02,14.63,28.42,12,11,1,862.0,78.36,1.27,1.62,11.45,14.62,0.64,0.81,3.27,4.18,3.09,4.18,5.34,0.36,0.46,0.18,0.23,22.73,17.64,19.73,24.64,3.36,5.7,9.82,12.53
953712,Jujuba Cardozo,Jujuba Cardozo,1991-09-06,101.61,24.99,26.75,18,12,6,177.0,14.75,0.83,5.65,3.25,22.03,0.25,1.7,1.08,7.35,1.75,0.25,1.69,0.67,4.52,0.83,5.65,2.17,1.17,2.25,8.5,2.58,19.4,0.0,0.0
953713,Clara  Rodríguez,Clara Rodríguez,2003-02-12,102.15,30.28,25.16,3,1,2,38.0,38.0,0.0,0.0,8.0,21.05,0.0,0.0,3.0,7.89,3.0,2.0,5.26,1.0,2.63,0.0,0.0,12.0,4.0,14.0,9.0,1.0,2.63,3.0,7.89
953714,Isa  Álvarez,Isabel Álvarez,1999-06-12,103.39,23.12,28.0,19,18,1,327.0,18.17,0.89,4.89,3.89,21.41,0.22,1.22,0.89,4.89,1.22,0.44,2.45,0.94,5.2,0.5,2.75,2.11,1.44,3.94,9.94,2.11,12.54,0.33,1.83
953715,Andrea  Gómez,Andrea Gomez,2003-05-14,87.89,20.57,24.14,10,8,2,413.0,51.62,1.62,3.15,8.12,15.74,0.62,1.21,2.0,3.87,5.5,2.62,5.08,0.0,0.0,1.38,2.66,14.25,9.75,12.12,10.88,1.0,3.98,3.25,6.3
953716,Edna Imade,E. Imade,2000-10-05,102.74,27.06,27.14,9,6,3,286.0,47.67,0.67,1.4,7.17,15.04,0.0,0.0,2.33,4.89,5.0,0.67,1.4,0.0,0.0,0.0,0.0,21.33,6.67,9.5,3.0,0.17,1.07,4.5,9.44
953745,Merle Barth,M. Barth,1994-04-21,100.72,25.77,25.33,18,13,5,204.0,15.69,0.62,3.92,4.62,29.41,0.38,2.45,0.62,3.92,1.46,0.62,3.92,0.38,2.45,0.77,4.9,3.0,1.0,3.54,8.08,1.85,12.57,0.38,2.45
953746,Rosa Otermin Abella,Rosa Otermin,2000-10-02,73.13,19.88,21.69,4,4,0,178.0,44.5,1.5,3.37,5.0,11.23,0.75,1.69,2.0,4.49,2.0,2.25,5.06,0.5,1.12,0.5,1.12,10.5,11.75,10.0,13.75,2.5,6.4,3.75,8.42
953747,Patricia Larqué Juste,Patricia Larqué,1992-05-02,106.45,33.06,16.81,3,3,0,0.0,0.0,0.0,,0.0,,0.0,,0.0,,0.0,0.0,,0.0,,0.0,,0.0,0.0,0.0,0.0,0.0,,0.0,
953748,Xenia Perez Almiñana,Xenia Perez,2001-10-28,103.66,29.57,23.82,11,10,1,279.0,27.9,1.2,4.3,5.3,19.0,0.3,1.08,0.7,2.51,1.9,1.2,4.3,0.5,1.79,0.8,2.87,5.5,4.0,5.9,13.4,2.6,11.11,1.3,4.66
953783,Ines Rizo,I. Rizo,2004-11-12,67.17,18.17,12.87,1,1,0,30.0,30.0,0.0,0.0,7.0,23.33,1.0,3.33,1.0,3.33,5.0,1.0,3.33,0.0,0.0,1.0,3.33,7.0,9.0,8.0,3.0,1.0,3.33,2.0,6.67
954047,Fatou Dembele,F. Dembele,2000-11-30,95.35,22.58,24.26,12,12,0,204.0,17.0,0.92,5.39,3.75,22.06,0.42,2.45,0.5,2.94,2.08,0.25,1.47,0.67,3.92,0.33,1.96,3.83,1.58,4.83,8.17,2.58,16.63,0.5,2.94
958272,Zoe Matthews,Z. Matthews,2007-05-25,87.32,13.3,27.32,5,5,0,145.0,29.0,1.4,4.83,3.8,13.1,0.2,0.69,1.6,5.52,1.6,1.0,3.45,0.6,2.07,1.6,5.52,5.4,4.6,6.6,13.4,1.6,5.82,1.6,5.52
969835,Carla Juliá Martínez,Carla Juliá,2006-12-14,87.19,35.83,12.55,7,7,0,144.0,20.57,1.29,6.25,5.14,25.0,0.0,0.0,1.29,6.25,2.29,1.0,4.86,0.14,0.69,0.29,1.39,7.57,3.29,6.43,2.14,0.14,1.78,0.86,4.17
978182,Sonya Camila  Keefe Navarro,Sonya Keefe,2003-04-11,89.11,21.96,23.91,18,12,6,582.0,48.5,0.75,1.55,6.42,13.23,0.33,0.69,3.33,6.87,7.75,3.0,6.18,0.0,0.0,0.08,0.17,20.0,6.67,10.42,2.42,0.42,1.3,5.33,11.0
980853,Manoly Baquerizo Córdova,M. Baquerizo,1998-12-15,100.92,24.46,26.93,16,12,4,367.0,30.58,1.33,4.36,6.33,20.71,0.5,1.64,1.5,4.9,2.33,1.17,3.81,1.25,4.09,1.17,3.81,5.75,4.33,8.17,10.58,1.58,6.36,0.92,3.0
980936,Nayluisa Jhaylenny Cáceres Acevedo,N. Cáceres,1999-11-18,104.37,25.48,25.31,12,12,0,0.0,0.0,0.0,,0.0,,0.0,,0.0,,0.0,0.0,,0.0,,0.0,,0.0,0.0,0.0,0.0,0.0,,0.0,
981680,Encarnación Jiménez Navarro,Encarni Jiménez,2001-08-30,89.85,14.83,30.25,15,12,3,690.0,57.5,1.0,1.74,8.75,15.22,0.67,1.16,1.92,3.33,1.5,3.67,6.38,0.25,0.44,0.83,1.45,18.17,9.42,15.67,16.08,2.08,4.62,7.58,13.19
981803,Sara Martín Díaz,Sara Martín,2004-10-06,92.79,17.65,29.64,16,15,1,1007.0,67.13,1.6,2.38,8.73,13.01,0.47,0.7,2.53,3.77,5.47,4.87,7.25,0.0,0.0,0.27,0.4,25.2,13.07,20.53,6.93,0.67,0.94,7.67,11.42
985736,Celia Gómez García Quijada,Celia Gómez,2008-09-29,105.95,37.03,18.28,1,1,0,29.0,29.0,1.0,3.45,12.0,41.38,0.0,0.0,0.0,0.0,2.0,1.0,3.45,0.0,0.0,0.0,0.0,6.0,4.0,9.0,0.0,0.0,,3.0,10.34
985737,Anna Álvarez Llopis,Anna Llopis,2008-01-17,105.16,16.34,41.22,1,1,0,0.0,0.0,0.0,,0.0,,0.0,,0.0,,0.0,0.0,,0.0,,0.0,,0.0,0.0,0.0,0.0,0.0,,0.0,
985742,Julia Torres Echevarría,Julia Torres,2009-01-15,67.77,16.86,22.75,2,2,0,53.0,26.5,1.5,5.66,5.5,20.75,0.5,1.89,3.0,11.32,5.0,1.5,5.66,1.5,5.66,1.5,5.66,3.5,3.5,4.5,11.5,1.5,6.35,0.5,1.89
985789,Irune Dorado Alosete,I. Dorado,2008-03-22,96.01,32.57,17.12,7,7,0,185.0,26.43,1.86,7.03,6.14,23.24,0.14,0.54,0.71,2.7,1.43,0.57,2.16,0.14,0.54,0.86,3.24,6.14,2.29,5.71,7.43,0.86,3.31,1.29,4.87
985791,Elene Gurtubay,E. Gurtubay,2007-10-03,74.46,19.34,18.9,3,3,0,140.0,46.67,2.0,4.29,5.33,11.43,0.33,0.71,2.33,5.0,3.0,2.33,5.0,0.0,0.0,0.0,0.0,14.33,9.33,11.0,5.67,0.33,0.73,3.0,6.43
985977,Sintia Vanesa Cabezas Vanegas,S. Cabezas Vanegas,2006-05-01,82.73,16.75,29.01,4,3,1,156.0,52.0,1.33,2.56,6.33,12.18,0.33,0.64,1.33,2.57,4.67,4.67,8.98,0.33,0.64,0.0,0.0,9.0,10.33,13.67,14.33,1.33,2.96,5.0,9.62
989387,Alimata Bélem,A. Bélem,2004-09-02,99.97,18.51,32.15,22,19,3,556.0,29.26,1.42,4.86,5.53,18.88,0.53,1.8,0.89,3.06,2.68,1.53,5.22,0.89,3.06,0.47,1.62,6.53,3.16,6.42,13.95,2.95,13.39,1.89,6.47
997943,Marta López de Guereñu Arriaga,M. López de Guereñu Arriaga,2003-01-28,67.1,13.71,24.96,2,2,0,64.0,32.0,2.0,6.25,4.5,14.06,0.0,0.0,0.5,1.56,1.0,3.5,10.94,0.5,1.56,0.5,1.56,4.5,3.0,4.5,12.5,1.0,2.71,2.0,6.25
999846,Opa Clement Tukumbuke,O. Tukumbuke,2001-02-14,69.89,13.35,25.46,6,4,2,192.0,48.0,1.0,2.08,6.25,13.02,0.25,0.52,3.0,6.25,3.25,3.0,6.25,0.25,0.52,0.0,0.0,17.25,7.5,11.5,4.0,0.25,1.31,2.75,5.73
1001274,Salome Prat,S. Prat,2002-01-17,89.87,18.91,28.35,8,8,0,484.0,60.5,1.12,1.86,8.62,14.26,0.25,0.41,1.62,2.69,4.0,4.38,7.23,0.12,0.21,0.0,0.0,18.12,10.75,19.5,8.5,0.5,1.38,8.12,13.43
1001491,Paulina Ali,P. Ali,2003-05-04,92.31,21.47,20.28,3,2,1,34.0,17.0,1.0,5.88,4.0,23.53,1.0,5.88,1.0,5.88,2.5,0.0,0.0,1.0,5.88,0.5,2.94,0.5,2.0,2.0,11.5,3.0,17.72,0.0,0.0
1001496,Zipporah Agama,Z. Agama,2005-05-02,77.98,14.27,20.74,1,1,0,54.0,54.0,1.0,1.85,5.0,9.26,0.0,0.0,2.0,3.7,7.0,4.0,7.41,0.0,0.0,0.0,0.0,31.0,11.0,12.0,1.0,0.0,0.0,5.0,9.26
1010289,Lydia Rodríguez Pascual,L. Rodríguez Pascual,2005-12-15,,,,1,0,1,,,,,,,,,,,,,,,,,,,,,,,,,
1017953,Nancy Amoh,N. Amoh,2005-09-18,93.19,18.23,24.14,2,2,0,110.0,55.0,2.5,4.54,10.0,18.18,0.5,0.91,3.0,5.45,2.5,2.5,4.54,0.0,0.0,0.0,0.0,17.5,7.5,17.0,13.5,2.5,5.33,5.5,10.0
1018190,Gio Garbelini,G. Garbelini,2003-06-21,69.13,12.76,29.58,1,1,0,73.0,73.0,0.0,0.0,2.0,2.74,0.0,0.0,0.0,0.0,5.0,2.0,2.74,0.0,0.0,0.0,0.0,34.0,15.0,20.0,3.0,0.0,0.0,12.0,16.44
1025889,Alma Velasco,A. Velasco,2006-04-13,98.65,18.45,31.65,12,9,3,238.0,26.44,1.78,6.72,5.89,22.27,0.11,0.42,1.11,4.2,1.67,0.44,1.68,0.56,2.1,1.44,5.46,3.22,2.56,4.78,15.0,3.33,12.33,0.78,2.94
1025891,Miku Kojima,M. Kojima,1996-08-30,84.82,24.34,21.23,3,2,1,81.0,40.5,0.5,1.24,7.0,17.28,0.0,0.0,1.0,2.47,0.5,3.5,8.64,0.0,0.0,0.5,1.23,11.0,7.0,11.5,10.0,2.0,4.95,1.5,3.7
1025894,Paula Redruello,P. Redruello,2007-01-27,70.11,16.62,18.54,2,1,1,32.0,32.0,4.0,12.5,5.0,15.62,1.0,3.12,0.0,0.0,1.0,2.0,6.25,0.0,0.0,0.0,0.0,4.0,3.0,9.0,6.0,2.0,6.25,0.0,0.0
1025899,Laura Marti,Laura Marti,2003-05-29,101.35,16.4,37.48,3,2,1,0.0,0.0,0.0,,0.0,,0.0,,0.0,,0.0,0.0,,0.0,,0.0,,0.0,0.0,0.0,0.0,0.0,,0.0,
1025903,Marta López,M. López,2003-01-28,84.75,14.8,27.04,2,2,0,72.0,36.0,0.5,1.39,8.0,22.22,1.0,2.78,1.5,4.17,1.0,2.0,5.56,0.5,1.39,2.5,6.95,8.5,6.0,11.0,8.0,2.0,5.57,1.5,4.17
1025907,Nerea  Benito,N. Benito,2004-09-22,86.01,18.01,25.57,3,3,0,87.0,29.0,1.0,3.45,7.0,24.14,0.67,2.3,1.0,3.45,4.67,0.0,0.0,0.33,1.15,0.33,1.15,4.33,3.67,6.0,10.0,2.0,9.33,0.67,2.3
1025908,Iratxe Milagros Perez Gonzalez,Iratxe Perez,2004-05-24,80.66,20.05,19.39,5,5,0,224.0,44.8,0.8,1.78,7.4,16.52,0.2,0.45,2.0,4.46,4.4,1.8,4.02,0.0,0.0,0.0,0.0,16.0,8.0,14.8,9.8,0.2,0.05,4.4,9.82
1025909,Bernadette Amani,B. Amani,1997-09-05,99.9,23.53,24.36,11,11,0,681.0,61.91,1.55,2.5,12.91,20.85,0.27,0.44,1.45,2.35,4.09,3.91,6.31,0.45,0.73,0.27,0.44,21.0,12.27,16.45,8.0,1.45,2.97,7.91,12.78
1025910,Claudia Iglesias Bicho,C. Bicho,2003-08-30,63.98,24.31,16.11,1,1,0,33.0,33.0,0.0,0.0,10.0,30.3,0.0,0.0,3.0,9.09,3.0,2.0,6.06,0.0,0.0,0.0,0.0,9.0,2.0,5.0,6.0,0.0,0.0,4.0,12.12
1025912,Aithiara  Carballo Cabrera,Aithiara Carballo,1999-05-10,103.28,22.32,23.34,7,7,0,185.0,26.43,1.43,5.4,6.0,22.7,0.29,1.08,1.29,4.87,1.0,1.29,4.87,0.0,0.0,0.29,1.08,6.86,4.86,9.0,4.29,1.43,5.5,1.43,5.41
1025994,Ana Velázquez Jurico,Ana Velázquez,1999-02-05,99.54,15.96,30.68,20,17,3,1001.0,58.88,3.29,5.6,10.59,17.98,0.53,0.9,2.59,4.4,1.29,2.71,4.6,0.41,0.7,1.24,2.1,16.94,9.76,16.88,16.76,2.53,6.41,4.12,6.99
1025995,Nuria Martinez Segarra,Nuria Martinez,2003-01-03,100.96,17.62,30.16,9,7,2,179.0,25.57,0.43,1.68,5.14,20.11,0.43,1.68,0.57,2.23,0.86,1.43,5.59,1.29,5.03,0.86,3.35,4.57,2.57,6.57,11.14,2.29,10.71,0.57,2.23
1025996,Judith Caravaca Muñoz,Judith Caravaca,1997-05-05,97.49,13.82,31.56,8,7,1,201.0,28.71,2.0,6.96,5.29,18.41,0.14,0.5,2.14,7.46,2.71,1.0,3.48,0.57,1.99,2.0,6.97,4.71,4.86,7.14,16.0,2.71,10.18,0.14,0.5
1025997,Aitana Zumárraga Garde,Aitana Zumárraga,2001-06-12,99.5,14.45,33.76,14,11,3,449.0,40.82,2.18,5.35,6.36,15.59,0.55,1.34,2.91,7.13,2.64,1.55,3.79,0.45,1.11,1.18,2.9,7.36,7.0,9.27,17.64,3.45,9.07,1.18,2.89
1025998,Astrid Álvarez Navarro,Astrid Álvarez,1992-12-24,99.62,16.66,28.52,13,11,2,376.0,34.18,1.45,4.26,4.0,11.7,0.45,1.33,2.73,7.98,2.82,2.0,5.85,0.45,1.33,0.64,1.86,9.09,3.91,11.91,8.64,1.0,4.06,2.73,7.98
1025999,Alba Santamaría Coleto,Alba Santamaria,1996-01-13,91.86,13.22,30.03,11,11,0,402.0,36.55,2.09,5.72,4.73,12.94,0.09,0.25,2.91,7.96,2.27,2.73,7.46,0.73,1.99,1.55,4.23,8.82,6.55,10.73,12.55,2.91,9.31,1.09,2.99
1026000,Patricia Miñano Zapata,P. Zapata,2005-02-22,76.63,5.66,32.39,1,1,0,114.0,114.0,0.0,0.0,4.0,3.51,0.0,0.0,1.0,0.88,2.0,3.0,2.63,0.0,0.0,0.0,0.0,5.0,29.0,29.0,45.0,4.0,3.51,12.0,10.53
1026001,Carla Castiñeyras Lopez,C. Lopez,2008-10-23,103.64,15.51,33.9,15,15,0,409.0,27.27,1.87,6.85,6.53,23.96,0.27,0.98,1.33,4.89,1.93,0.87,3.18,0.93,3.42,1.4,5.13,3.8,2.8,6.93,14.27,3.4,14.09,0.33,1.22
1026002,Vega Montesinos Berasategui,Vega Montesinos,2003-11-11,88.22,11.12,29.7,5,4,1,191.0,47.75,2.0,4.19,5.75,12.04,0.0,0.0,2.75,5.76,2.0,5.0,10.47,0.0,0.0,0.0,0.0,14.0,8.0,17.75,7.5,0.5,0.84,6.5,13.61
1026003, Marta Gestera Aramburu, . Aramburu,2002-12-20,81.29,14.1,24.25,7,7,0,341.0,48.71,0.14,0.29,6.0,12.32,0.0,0.0,2.57,5.28,6.71,2.71,5.57,0.0,0.0,0.29,0.59,22.0,6.29,10.14,3.86,0.43,2.11,5.57,11.44
1026004,Yiyi Relea,Y. Relea,1997-10-06,86.79,14.32,26.24,18,15,3,725.0,48.33,1.07,2.21,6.53,13.52,0.33,0.69,1.67,3.45,3.67,4.2,8.69,0.0,0.0,0.27,0.55,19.07,7.2,14.67,6.47,0.87,4.85,5.6,11.59
1026005,Lorena Valderas,Lorena Valderas,1994-02-02,89.34,21.0,26.36,2,2,0,75.0,37.5,2.0,5.33,6.5,17.33,1.5,4.0,3.0,8.0,1.0,0.0,0.0,0.0,0.0,0.5,1.33,8.0,6.0,10.5,11.0,1.5,3.94,4.0,10.67
1026006,Chelsea Ashurst,C. Ashurst,1990-04-22,98.66,21.77,29.55,6,6,0,0.0,0.0,0.0,,0.0,,0.0,,0.0,,0.0,0.0,,0.0,,0.0,,0.0,0.0,0.0,0.0,0.0,,0.0,
1026007,Natalia Cebolla Contamina,Natalia,1999-01-06,103.81,16.62,31.77,5,5,0,124.0,24.8,1.2,4.84,4.6,18.55,0.6,2.42,1.4,5.64,3.0,0.6,2.42,1.0,4.03,0.8,3.23,3.8,3.2,7.2,16.4,2.6,11.41,1.0,4.03
1026008,Sandra Perera García,Sandra Perera,2001-04-11,89.25,19.92,24.79,5,4,1,166.0,41.5,2.0,4.82,8.5,20.48,1.25,3.01,2.0,4.82,1.5,1.5,3.62,0.0,0.0,0.75,1.81,12.25,6.0,10.75,10.25,0.5,1.15,4.0,9.64
1026009,Justina Morcillo,J. Morcillo,2000-08-09,87.9,19.03,27.34,12,12,0,677.0,56.42,2.5,4.43,7.42,13.15,0.75,1.33,3.0,5.32,1.25,3.33,5.91,0.58,1.03,1.33,2.36,13.67,10.25,17.17,17.33,1.5,3.56,3.92,6.94
1026010,Isabel Corte Peláez,Isina Corte,1996-02-14,99.67,21.02,29.06,20,19,1,1084.0,57.05,1.47,2.58,8.21,14.39,0.32,0.55,2.05,3.6,5.26,4.74,8.3,0.0,0.0,0.21,0.37,21.32,9.89,15.89,8.95,1.0,2.57,5.11,8.95
1026011,Marta  Masferrer Cruz,Marta Masferrer,2001-01-01,98.53,20.69,30.26,21,20,1,520.0,26.0,1.15,4.42,5.05,19.42,0.5,1.92,1.65,6.35,1.25,1.1,4.23,0.95,3.65,1.0,3.85,5.55,2.5,7.3,12.7,3.05,14.94,1.3,5.0
1026012,Iria  Castro Gomez, Iria Castro,2002-01-02,92.64,18.02,31.03,13,13,0,442.0,34.0,1.38,4.07,5.62,16.52,0.77,2.26,2.08,6.11,1.08,0.46,1.36,1.15,3.39,1.54,4.52,5.62,5.85,7.85,16.54,3.62,12.83,1.15,3.39
1026013,Laura Martínez  del Campo,Laura Martínez,2003-09-14,62.76,11.98,21.07,2,1,1,38.0,38.0,1.0,2.63,9.0,23.68,1.0,2.63,3.0,7.89,1.0,4.0,10.53,0.0,0.0,1.0,2.63,12.0,3.0,13.0,9.0,1.0,2.63,4.0,10.53
1026014,Andrea Colomina Marina,Andrea Colomina,2005-12-02,86.72,18.22,26.06,9,9,0,173.0,19.22,0.56,2.89,3.67,19.08,0.44,2.31,1.33,6.94,0.33,0.89,4.62,0.56,2.89,0.33,1.73,3.33,1.67,5.44,10.22,2.33,14.59,0.33,1.73
1028275,Ainhoa Doménech Cedrés,A. Cedrés,,61.26,9.44,18.6,2,1,1,40.0,40.0,1.0,2.5,6.0,15.0,1.0,2.5,3.0,7.5,1.0,0.0,0.0,0.0,0.0,0.0,0.0,10.0,10.0,9.0,8.0,3.0,7.5,1.0,2.5
1028276,Vera Molina,V. Molina,2009-04-24,80.43,24.94,17.14,1,1,0,29.0,29.0,0.0,0.0,7.0,24.14,1.0,3.45,3.0,10.34,3.0,2.0,6.9,0.0,0.0,0.0,0.0,7.0,4.0,12.0,7.0,1.0,3.45,5.0,17.24
1028277,Berta  Doltra Bufill,B. Doltra Bufill,2004-01-14,83.78,17.95,25.31,1,1,0,30.0,30.0,0.0,0.0,8.0,26.67,1.0,3.33,3.0,10.0,0.0,0.0,0.0,1.0,3.33,1.0,3.33,6.0,2.0,7.0,13.0,0.0,0.0,1.0,3.33
1029070,Elena Valej Montañés,Elena Valej,2002-04-17,86.06,14.87,35.92,1,1,0,109.0,109.0,2.0,1.83,11.0,10.09,0.0,0.0,3.0,2.75,3.0,7.0,6.42,1.0,0.92,0.0,0.0,11.0,24.0,22.0,67.0,7.0,6.42,11.0,10.09
1029805,Ariadna Doménech Cedrés,A. Cedrés,,85.97,19.73,21.81,8,4,4,165.0,41.25,2.75,6.67,6.5,15.76,0.25,0.61,3.0,7.27,2.75,2.0,4.85,0.0,0.0,0.75,1.82,8.75,6.5,12.75,10.25,1.25,3.11,4.25,10.31
1030029,Pierina Nunez Cordero,Pierina Nunez,2000-03-13,76.87,13.78,24.84,5,4,1,176.0,44.0,0.75,1.71,3.25,7.39,0.0,0.0,1.25,2.84,4.25,3.25,7.39,0.0,0.0,0.0,0.0,17.0,6.5,10.0,7.25,0.25,0.77,5.75,13.07
1031327,Natalia  Peñalvo Martin,N. Peñalvo Martin,2006-11-23,81.5,26.11,10.85,1,1,0,19.0,19.0,3.0,15.79,1.0,5.26,0.0,0.0,0.0,0.0,2.0,0.0,0.0,0.0,0.0,0.0,0.0,3.0,2.0,2.0,6.0,1.0,5.26,0.0,0.0
1031776,Iris Ashley Santiago,I. Santiago,2007-11-09,84.46,33.19,12.88,4,4,0,144.0,36.0,0.25,0.7,7.25,20.14,0.0,0.0,2.5,6.94,8.5,1.5,4.17,0.0,0.0,0.25,0.69,17.25,7.5,12.0,0.75,0.0,0.0,1.5,4.17
1033195,Martine Trollsås Fenger,M. Fenger,2006-10-09,100.82,42.66,7.45,1,1,0,10.0,10.0,0.0,0.0,4.0,40.0,0.0,0.0,0.0,0.0,1.0,0.0,0.0,0.0,0.0,0.0,0.0,5.0,3.0,6.0,0.0,0.0,,0.0,0.0
1034678,Adela  Rico,A. Rico,2001-07-19,102.54,19.55,32.22,11,10,1,635.0,63.5,1.4,2.21,10.2,16.06,0.5,0.79,1.7,2.68,1.1,4.2,6.61,0.1,0.16,0.8,1.26,20.8,8.3,19.1,15.6,1.7,4.3,7.4,11.65
1036743,Carla Abdon Naval,Carla Naval,2007-02-22,106.47,32.37,17.09,2,2,0,0.0,0.0,0.0,,0.0,,0.0,,0.0,,0.0,0.0,,0.0,,0.0,,0.0,0.0,0.0,0.0,0.0,,0.0,
1060032,Ainhoa Marin Martin,Ainhoa Marin,2001-03-21,107.0,26.18,24.16,2,1,1,46.0,46.0,5.0,10.87,6.0,13.04,0.0,0.0,1.0,2.17,15.0,4.0,8.7,0.0,0.0,0.0,0.0,15.0,7.0,13.0,6.0,1.0,2.17,7.0,15.22
